seconds_since_start,reading_1_us,reading_2_us,reading_3_us,reading_4_us,reading_5_us,reading_6_us,reading_7_us,reading_8_us,reading_9_us,reading_10_us,reading_11_us,reading_12_us,reading_13_us,reading_14_us,reading_15_us,reading_16_us,reading_17_us,reading_18_us,reading_19_us,reading_20_us
0,1032,1037,1027,1030,1028,1028,1042,1059,1030,1048,1033,1052,1035,1041,1057,1038,1059,1055,1026,1027
0,1057,1034,1059,954,1035,175,1027,1040,207,1058,1055,1031,867,1032,150,1032,1040,208,1058,1026
305,1028,1028,1061,1035,1061,36,1052,31,1035,1031,1026,1028,1034,1037,33,1052,32,1040,33,1052
611,812,1060,1028,1048,340,1052,32,1033,31,1052,1051,1035,1035,1042,1058,32,1051,31,1035,32
916,1032,900,1034,1055,1063,32,1046,32,1042,1058,1057,1056,1037,1030,32,1044,33,1029,1027,1037
1221,1049,1037,1059,1057,1042,1028,36,1031,32,1051,1027,756,1031,1044,1058,261,1035,32,1030,38
1526,1060,1027,230,1052,32,1031,34,1052,1051,703,1033,1059,1056,676,1052,31,1035,33,1041,1058
1831,1041,1029,1029,1052,32,1035,33,1027,1030,1037,1058,843,1040,32,1032,31,1032,1029,1026,1032
2136,1050,1033,99,1037,32,1027,40,1029,1030,1050,1031,1029,1059,31,1052,32,1038,1056,1039,1058
2441,932,1041,32,1027,41,1027,1052,922,1052,1049,1051,31,1027,32,1050,32,1027,1037,980,1033
2747,58,1029,1029,896,1052,1035,1039,32,1048,31,1057,1057,907,1057,1037,1030,31,1056,33,1028
3052,1052,1029,35,1036,32,1031,1028,1034,1032,1050,1050,32,1031,32,1048,260,1057,1059,1060,1056
3357,1046,1054,1057,1061,652,1031,33,1038,31,1027,1029,879,1029,1047,1036,32,1036,32,1027,39
3662,1056,1035,35,1050,31,1032,1036,822,1057,1027,1034,31,1055,32,1051,33,1033,1034,1057,1042
3967,46,1037,41,1057,1029,954,1029,1049,1028,147,1028,34,1035,32,1048,1047,928,1030,1052,1028
4272,1051,1052,1027,1035,1042,1028,35,1032,33,1051,1052,871,1033,1055,1035,235,1058,31,1050,32
4577,1057,1059,290,1049,33,1038,31,1026,1036,1034,1027,1029,1030,40,1030,32,1035,1055,1055,1035
4883,1055,1036,1060,681,1043,32,1027,40,1060,1027,914,1030,1030,1038,32,1042,32,1036,32,1052
5188,811,1029,1050,1027,147,1027,31,1035,32,1048,1046,1051,1049,1032,1052,32,1033,34,1051,1050
5493,1051,1050,36,1031,32,1049,1049,819,1027,1049,1029,32,1057,32,1046,32,1036,1037,1029,1051
5798,1048,1029,1052,1032,1040,35,1028,33,1057,1057,981,1050,1032,1035,31,1026,31,1057,32,1032
6103,46,1031,1043,1035,1027,1048,1031,32,1059,32,1051,1048,955,1027,1027,1049,32,1034,32,1027
6408,897,1035,1058,1058,32,1026,39,1056,150,1030,1056,1035,1029,535,1031,32,1031,31,1031,1027
6714,914,1026,1042,1036,478,1048,32,1034,32,1052,1034,947,1052,1031,1031,38,1027,33,1033,32
7019,49,1045,31,1038,31,1052,1027,983,1052,1027,1051,31,1036,33,1039,40,1030,1048,979,1039
7324,1056,1039,1027,35,1039,32,1048,32,1027,1060,1054,1035,1035,1034,31,1038,31,1034,1034,1061
7629,822,1030,1036,1033,32,1040,32,1046,31,1033,1058,1032,1029,1036,1030,38,1030,32,1029,1037
7934,1057,379,1033,32,1029,41,1028,1028,1051,1046,1036,1033,31,1030,32,1041,1058,1058,1060,1028
0,1054,1046,36,1028,38,1057,31,1030,121,1026,1046,1035,1029,542,1059,32,1027,40,1031,123
306,1029,35,1036,32,1049,1029,875,1033,1026,1050,32,1033,31,1048,31,1056,1043,1033,1052,1048
611,1031,876,1035,1057,1029,32,1041,31,1027,1030,872,1027,1031,1050,31,1032,32,1027,38,1031
916,727,1027,1034,1039,32,1050,34,1056,32,1052,1047,1051,1052,1030,1049,32,1039,31,1052,1030
1221,1050,44,1027,32,1026,32,1031,1030,1035,1058,1057,1059,31,1034,32,1044,1027,1035,1051,1050
1526,1036,1028,542,1027,40,1032,33,1040,1039,1031,1046,1026,1033,39,1028,32,1028,1038,1057,1026
1831,1031,1052,35,1029,31,1027,1026,1037,1060,1036,1028,32,1035,32,1052,32,1036,1059,1058,1061
2137,1058,36,1052,32,1034,1042,1034,1027,1052,1034,41,1058,34,1030,1031,1036,1059,1029,1051,33
2442,1052,1027,1039,1057,97,1058,32,1050,32,1030,1058,1032,1059,731,1047,33,1038,32,1052,1050
2747,1044,1052,1033,1048,1027,43,1028,32,1037,1034,1059,1026,1031,1036,39,1029,31,1038,32,1028
3052,1052,35,1033,1037,1058,1058,1059,1032,32,1038,32,1032,1048,1030,1030,1059,1033,32,1050,32
3357,1050,1060,1041,35,1050,32,1056,32,1027,1027,1049,1057,1033,1060,31,1050,32,1054,32,1036
3662,1050,37,1038,1036,1057,1057,1026,1030,33,1034,32,1036,41,1026,1033,1033,1040,1038,1027,33
3968,1051,1047,1060,1056,1008,1028,32,1036,33,1029,1028,1037,1028,1051,1028,32,1042,31,1031,1033
4273,1027,1033,565,1029,32,1028,32,1038,1027,1028,1050,1028,1034,32,1028,31,1035,32,1029,1034
4578,1054,36,1049,32,1041,1034,1005,1029,1031,1036,31,1049,31,1060,147,1033,1035,1038,1031,818
4883,58,1031,1031,1052,1048,1032,1032,33,1027,34,1035,1058,1005,1035,1030,1035,34,1031,39,1058
5188,1030,1052,1026,35,1038,32,1029,1039,987,1052,1051,1051,32,1057,32,1047,32,1036,1041,1007
5493,1051,593,1032,32,1048,33,1043,1036,925,1032,1026,1048,32,1038,32,1050,32,1035,1058,1032
5798,1050,1032,1028,43,1059,32,1027,1038,907,1061,1058,1032,31,1030,32,1030,251,1034,1026,1030
6104,1002,1033,1052,1050,32,1051,41,1059,32,1028,1032,1010,1052,1029,1034,39,1033,31,1041,32
6409,1044,1052,1030,35,1058,32,1033,31,1035,1029,1033,1027,1037,1055,32,1029,32,1058,1056,1036
6714,1058,1042,204,1050,32,1037,32,1050,1048,1052,1029,1048,1031,41,1060,32,1031,1032,1033,1033
7019,47,1035,41,1056,1029,1052,1052,1028,1027,38,1029,31,1040,32,1030,1028,1046,1035,1057,1059
7324,1058,1057,1059,1055,36,1052,32,1036,1054,1055,1036,1058,1028,32,1041,33,1039,32,1035,1056
7629,1059,1028,1052,155,1043,31,1051,32,1057,1036,1057,1032,816,1027,32,1032,31,1026,1030,1040
7935,1028,1041,1056,1058,35,1048,32,1035,1056,1030,1051,1033,1027,38,1058,32,1029,38,1056,1031
8240,1045,35,1041,31,1036,1033,1041,1036,1026,1027,31,1035,32,1028,1031,1059,1060,1038,1028,32
8545,1027,1046,1034,1034,1026,35,1037,32,1028,1036,1038,1027,1048,1031,32,1061,32,1034,1050,1031
8850,1049,46,1029,31,1035,69,1051,1031,1052,1033,1052,1027,38,1029,32,1037,1040,1058,1060,1057
9155,1037,1030,37,1038,31,1028,1028,873,1059,1028,1029,33,1040,32,1028,39,1057,1032,1031,1027
9460,984,1034,32,1056,32,1028,1052,1051,1027,1035,1036,31,1033,39,1035,1029,1027,1035,1035,1059
9766,1059,1050,35,1052,32,1058,32,1027,1038,1013,1030,1026,1028,39,1032,32,1032,34,1029,1030
10071,1033,1059,35,1030,32,1034,31,1051,1030,980,1029,1050,1027,39,1036,32,1051,1035,845,1049
10376,1047,1050,35,1034,31,1031,1028,924,1033,1055,1034,32,1034,38,1030,32,1035,1061,1059,1056
10681,1055,1059,1033,35,1050,32,1036,1035,1014,1040,1056,1058,32,1048,31,1041,32,1031,1029,1035
10986,969,1050,32,1033,32,1052,1051,703,1058,1057,1055,33,1052,31,1039,32,1047,1048,1036,1039
11291,1030,38,1031,32,1056,95,1055,1059,1058,1036,952,1054,31,1028,31,1062,1036,815,1039,1027
11596,1058,36,1050,31,1059,207,1031,1033,1032,1037,1054,1039,32,1046,32,1057,1056,792,1040,1055
11902,1057,1031,1049,1048,1026,1030,73,1040,32,1028,40,1057,1029,1049,1052,1052,1029,32,1056,32
12207,1028,36,1032,32,1052,1052,1047,1050,1027,1050,31,1055,32,1047,34,1035,1036,1058,1031,897
12512,1044,1029,35,1035,32,1027,1040,1038,1032,1029,1049,32,1049,32,1028,1035,929,1037,1058,1027
12817,1055,1039,1028,36,1040,32,1028,1036,934,1039,1029,1051,32,1035,31,1026,31,1058,1057,1034
13122,1060,1028,921,1050,32,1036,32,1027,1029,1031,1034,1028,1028,32,1041,34,1033,1033,646,1058
13427,1049,1040,1041,1031,36,1037,31,1031,1033,397,1027,1034,1034,399,1034,31,1027,39,1054,1028
13733,1048,1029,1034,926,1036,31,1027,32,1036,1035,1030,1039,1031,1054,32,1026,33,1039,1035,867
14038,1048,1035,1032,1044,36,1048,32,1036,32,1030,1036,1059,1036,931,1059,32,1039,40,1060,1060
14343,1056,1056,1034,1051,1029,1031,41,1026,31,1034,32,1051,1028,1028,1037,1037,1033,31,1034,32
14648,49,1030,34,1045,1056,1027,1031,1028,1031,32,1048,33,1033,1032,1057,1058,1026,1028,32,1034
14953,1054,1059,1008,1050,1031,1028,32,1031,33,1034,1055,984,1035,1058,1033,32,1027,39,1042,1032
15258,47,1028,1036,762,1055,1028,1030,255,1051,33,1031,32,1026,1029,459,1058,1032,1027,252,1028
15563,48,1031,1039,1042,1029,1028,1028,37,1030,32,1034,1035,1030,1050,1032,1028,41,1033,32,1033
15869,1045,42,1031,32,1039,1059,1004,1028,1030,1039,94,1035,31,1052,31,1059,1059,1059,1058,1038
16174,1028,931,1030,32,1058,34,1050,1035,1032,1037,1058,1037,32,1027,40,1034,31,1031,1035,1057
16479,1058,38,1051,1032,1052,1030,1039,1060,32,1049,32,1035,94,1034,1030,1030,1029,814,1050,31
16784,1037,1027,622,1034,38,1035,32,1050,1037,1038,1029,1048,1027,33,1036,32,1031,1031,1038,1031
17089,47,1037,33,1035,1059,1027,1027,1050,1026,41,1029,32,1037,175,1051,1030,1036,1035,1041,1029
17394,1051,1030,36,1059,33,1028,32,1037,1029,1050,1051,1029,1028,41,1029,31,1031,1035,1027,1033
17700,1047,1029,1029,1037,1056,1038,35,1028,39,1058,1033,1030,1051,1031,1039,33,1051,32,1042,32
18005,1049,1050,1027,1032,43,1034,32,1053,41,1030,1032,1027,1032,1053,1057,34,1026,34,1061,1034
18310,1035,36,1033,39,1032,1026,1028,1030,1037,1050,32,1028,39,1059,1026,1033,1031,1030,1034,32
18615,1052,1030,1030,1036,35,1049,32,1031,147,1031,1032,1037,1029,789,1049,32,1046,33,1051,1030
18920,1029,1028,1036,1036,1028,1032,115,1026,32,1038,35,1032,1037,1060,1057,1061,1034,32,1027,40
19225,1056,1058,1060,1029,153,1034,32,1048,32,1041,1027,1029,1032,1028,1034,32,1048,32,1058,1035
19530,1039,1034,36,1035,32,1051,1027,1029,1037,1037,1027,32,1030,31,1048,1028,1031,1036,1038,1032
19836,954,1028,31,1034,32,1027,1028,1046,1037,1038,1051,32,1034,32,1031,1028,1013,1055,1036,1029
20141,566,1037,34,1030,39,1055,1031,1030,1028,1027,1042,32,1030,38,1056,33,1030,1029,1058,1041
20446,965,1039,32,1028,40,1055,1060,1027,1026,949,1050,31,1044,32,1050,1034,919,1052,1050,1048
20751,1045,1030,1037,1028,1056,1060,35,1027,31,1034,1033,1032,1035,1036,1057,32,1047,32,1032,1056
21056,1057,1056,1037,1028,1033,1034,43,1027,32,1038,32,1029,1040,1027,1039,985,1037,32,1031,32
21361,1052,1027,790,1053,32,1049,32,1035,1035,1011,1051,1052,1028,39,1029,32,1031,1036,929,1027
21667,897,1052,1052,1050,32,1035,32,1030,39,1030,1033,1032,1033,1034,1031,32,1031,31,1028,1028
21972,1051,1029,494,1032,34,1030,40,1028,1028,1031,1035,1055,1055,32,1029,32,1040,1029,1029,1026
22277,1051,654,1033,33,1032,31,1037,1028,1035,1028,1037,1055,32,1029,33,1033,1027,1031,1029,1031
22582,1048,1035,35,1034,32,1036,62,1052,1027,1050,1031,1036,1038,32,1052,32,1059,1056,1037,1031
22887,1052,1030,1027,1035,1035,35,1052,32,1035,145,1040,1062,1060,1057,1008,1029,31,1040,32,1028
23192,758,1033,33,1051,32,1031,1061,1056,1035,1029,1026,32,1036,32,1050,1050,1051,1032,1035,1056
23497,1059,1039,35,1051,35,1039,33,1052,1033,1032,1040,1057,1035,32,1030,32,1040,1027,1041,1036
23803,1034,37,1051,31,1057,145,1052,1030,1033,1037,817,1043,33,1027,40,1027,1030,1034,1029,1062
24108,56,1029,1026,1033,1034,1060,1039,32,1029,40,1052,31,1051,1029,1032,1034,1027,1032,32,1035
24413,1057,1039,150,1033,32,1036,31,1040,1058,981,1040,1057,1042,32,1049,31,1057,1038,936,1058
24718,49,1037,1027,1028,1034,1028,1028,32,1036,33,1028,1033,1034,1059,1058,1031,32,1035,32,1034
25023,1050,1028,540,1033,32,1035,32,1034,1040,1040,1057,1060,1031,32,1035,32,1030,1035,1034,1055
25328,57,1032,1029,1028,1032,1033,1031,34,1035,32,1033,1035,1027,1056,1034,1031,34,1037,32,1028
25634,1043,1029,35,1045,32,1029,1031,1045,1029,1030,1031,39,1031,32,1036,32,1047,1052,1026,1051
25939,505,1029,32,1036,32,1051,1035,1031,1044,980,1033,32,1028,33,1038,1057,1028,1050,1016,1032
26244,1044,1038,35,1026,31,1059,31,1050,1030,1006,1060,1057,1054,31,1046,32,1030,32,1029,1028
26549,46,1055,32,1039,1050,1005,1059,1038,1033,31,1029,32,1051,32,1033,1058,1012,1026,1029,1036
26854,46,1059,1032,1027,1026,780,1030,37,1055,32,1046,1050,1012,1036,1032,1031,32,1058,32,1029
27159,46,1027,1043,954,1031,1055,1057,31,1049,32,1041,1033,932,1058,1028,1029,32,1033,32,1052
27465,1046,36,1040,1038,615,1050,1051,1046,32,1035,31,1027,32,1036,1059,894,1029,1029,1048,33
27770,618,1037,38,1057,33,1047,1028,675,1052,1031,1032,32,1038,31,1053,1043,681,1036,1029,1048
28075,1058,1029,733,1030,1035,1029,34,1033,34,1027,32,1035,1031,756,1029,1029,1034,32,1030,39
28380,47,1031,32,1058,1038,792,1055,1034,1044,31,1037,32,1051,32,1032,1032,897,1047,1030,1028
28685,1046,485,1035,32,1033,32,1035,1056,876,1048,1050,1029,39,1057,32,1030,1035,424,1030,1038
28990,1059,1056,1037,36,1031,39,1059,31,1028,1042,870,1045,1030,1031,41,1055,32,1034,1036,931
29296,45,1034,32,1052,32,1059,1038,869,1029,1033,1061,32,1027,32,1036,32,1030,1029,865,1029
29601,1043,36,1038,34,1052,1028,870,1037,1030,1029,33,1058,32,1029,32,1040,1029,815,1028,1028
29906,1029,1032,42,1030,32,1032,31,1033,1031,736,1058,1030,1029,33,1039,32,1052,32,1036,1058
30211,1060,1034,1029,313,1038,32,1030,39,1027,1031,842,1030,1027,1034,39,1029,32,1032,32,1028
30516,1049,540,1057,32,1026,39,1055,1031,835,1060,1035,1058,31,1031,39,1028,1052,819,1053,1058
30821,1055,35,1052,1026,768,1035,1029,1029,32,1060,31,1029,32,1034,1028,840,1033,1027,1049,32
31127,1051,35,1036,32,1029,1034,733,1051,1048,1032,33,1039,32,1029,39,1032,1049,817,1027,1026
31432,47,1032,40,1032,1028,643,1052,1052,1026,41,1031,32,1036,1034,980,1031,1058,1035,33,1027
31737,1045,36,1034,31,1027,41,1031,1029,877,1059,1038,1059,33,1026,38,1027,1026,926,1029,1043
32042,907,1036,979,1053,31,1049,31,1037,1058,839,1028,1034,1057,31,1051,31,1034,1058,979,1026
32347,203,1038,31,1026,33,1059,1035,897,1028,1028,1032,32,1028,31,1060,1059,864,1030,1027,1029
32652,1059,35,1050,1048,844,1040,1032,1028,33,1040,31,1038,42,1034,1049,896,1049,1051,1028,38
32957,848,1032,41,1031,31,1032,1054,928,1054,1034,1026,33,1037,32,1029,31,1032,1028,897,1037
33263,1051,47,1056,1030,899,1049,1030,1027,33,1027,31,1057,31,1026,1026,899,1037,1029,1026,31
33568,46,1058,1045,954,1059,1057,1038,31,1031,39,1058,146,1029,1035,982,1034,929,1034,33,1051
33873,1028,36,1035,31,1028,1032,955,1032,1009,1049,32,1032,31,1028,1028,905,1058,1040,1028,32
34178,1027,1031,1037,35,1053,33,1038,32,1052,1027,930,1033,1056,1057,31,1034,31,1057,31,1030
34483,47,1050,32,1060,1037,929,1027,1026,1051,32,1040,33,1027,1032,1035,1026,1027,1026,42,1060
34788,58,1027,1052,959,1027,1052,1026,32,1045,31,1050,1032,959,1036,1038,1059,31,1028,32,1035
35093,47,1053,31,1039,32,1033,1032,930,1032,1035,1041,32,1031,32,1031,33,1052,1035,961,1035
35399,929,1036,1031,1050,34,1033,32,1034,1052,981,1031,1034,1049,31,1033,32,1026,1032,1038,1027
35704,47,1034,343,1035,1034,1050,1032,671,1036,32,1054,31,1026,1052,942,1050,1052,1052,32,1031
36009,948,1031,1033,1043,32,1032,39,1028,32,1032,1063,982,1027,1038,1057,32,1051,32,1031,1059
36314,1034,986,1031,32,1050,32,1038,1061,1008,1032,1029,1037,32,1049,32,1033,1057,1060,1037,1028
36619,201,1031,32,1062,32,1029,1032,953,1052,1050,1052,32,1058,31,1027,32,1056,1037,1012,1031
36924,1056,44,1034,1028,1027,1034,1054,1042,32,1032,38,1028,1028,1030,1052,1041,1059,32,1026,31
37230,1049,1037,1040,1029,35,1032,31,1051,32,1034,1058,1056,1056,844,1047,32,1057,31,1031,1029
37535,1049,1033,213,1058,32,1052,33,1059,1053,1056,1041,1029,1050,32,1043,31,1033,1027,1033,1057
37840,1045,1036,1033,1010,1051,32,1035,32,1034,1033,1034,1057,1059,1056,31,1029,40,1031,453,1033
38145,1062,1057,1038,708,1031,31,1049,32,1033,1035,1057,1056,564,1038,31,1032,31,1037,1058,1056
38450,54,1027,1031,1027,1035,1058,1033,31,1048,31,1037,1031,1048,1052,1028,1029,40,1058,32,1032
38755,1052,1035,1041,1027,514,1051,32,1030,32,1052,1051,1050,1047,980,1055,31,1038,32,1038,1032
39060,1028,846,1041,32,1049,31,1035,1060,1028,1029,669,1047,32,1035,32,1028,1051,1050,1048,565
39366,1055,324,1052,32,1039,31,1050,1051,1027,1032,1048,1055,33,1033,43,1031,1033,1046,1050,1047
39671,1048,1050,1050,643,1026,32,1060,34,1029,1051,1028,1040,1035,1058,32,1029,40,1031,32,1039
39976,54,1029,1029,1027,1036,1060,1059,32,1052,32,1040,1058,1058,1053,1035,1038,33,1033,31,1029
40281,1027,1030,1034,1038,35,1030,39,1033,1049,1030,1048,1028,1037,32,1032,31,1035,1030,1049,1026
40586,1048,1049,37,1033,32,1050,34,1030,1057,1035,1026,1030,1051,34,1035,32,1048,32,1039,1054
40891,1058,1039,1034,842,1060,33,1031,61,1034,1035,1029,1051,503,1034,31,1039,31,1050,1027,1034
41197,1060,1034,1028,90,1030,32,1038,32,1052,1052,1027,1037,1055,1036,32,1048,32,1059,1057,1057
41502,1030,35,1049,1048,1030,1026,1036,1034,32,1050,31,1040,1029,1030,1051,1028,1052,41,1034,32
41807,1051,1042,1061,1042,545,1038,32,1034,39,1058,1058,1027,1037,1052,1052,32,1057,32,1029,1051
42112,1046,1052,35,1035,32,1045,1027,1033,1034,1040,1059,149,1032,32,1029,32,1057,1037,1033,1026
42417,1026,35,1038,33,1030,1038,1036,1026,1029,1028,41,1031,33,1040,1060,1040,1051,1057,1029,31
42722,1045,35,1035,1033,1052,1032,1047,1035,40,1031,31,1041,1039,1059,1033,1027,1052,32,1037,32
43028,1012,1038,33,1036,31,1036,1058,677,1037,1056,1059,60,1050,34,1034,31,1051,1031,879,1034
43333,1033,1057,1027,855,1059,32,1050,34,1035,1036,1035,1051,1030,1030,42,1028,31,1036,150,1030
43638,1049,1042,1038,930,1055,32,1030,39,1032,1050,1029,1049,1050,1029,40,1027,32,1033,1036,1027
43943,1054,572,1040,31,1027,31,1037,1032,1048,1027,1051,1034,41,1028,32,1035,1045,1059,1053,1028
44248,1051,1029,1051,1051,1051,35,1059,32,1033,1050,983,1030,1028,1028,38,1058,31,1028,39,1057
44553,1053,36,1034,32,1055,1042,1030,1052,1049,1030,31,1034,31,1030,1036,1058,1039,1035,1052,32
44859,51,1036,1032,840,1039,1058,1057,32,1050,32,1060,31,1030,1050,1029,1032,1057,1032,31,1030
45164,933,1034,32,1026,38,1030,1036,1029,1038,1036,1056,32,1031,39,1028,1028,1032,1033,1033,1034
45469,1057,1027,1027,1033,1031,37,1048,31,1030,285,1051,1030,1034,1038,658,1029,32,1030,31,1029
45774,46,1030,1036,766,1028,1027,1029,39,1058,31,1052,1028,1034,1033,1027,1028,61,1031,32,1048
46079,1052,36,1032,41,1029,1029,1026,1037,1035,1029,31,1032,35,1026,1027,1031,1060,1038,1027,33
46384,1046,1039,35,1029,31,1042,1028,1028,1050,1031,1033,33,1051,32,1034,1035,959,1038,1032,1051
46689,1058,1029,1049,36,1031,32,1049,32,1032,1059,1033,1029,1028,1027,40,1026,33,1035,1036,1059
46995,1055,1028,36,1033,32,1050,1031,1033,1036,1035,1058,31,1028,38,1034,1050,1051,1027,943,1033
47300,1050,36,1037,1036,1055,1028,1027,1029,40,1026,31,1033,1036,1029,1031,1052,1027,39,1028,32
47605,1048,1038,1056,35,1051,32,1030,430,1039,1037,1037,1033,840,1038,33,1029,38,1033,1028,946
47910,1057,35,1027,1032,1035,1057,1033,1034,32,1057,33,1029,1031,1039,1037,1057,1033,32,1028,31
48215,1056,35,1052,124,1034,1029,1028,1035,1059,1035,32,1026,42,1056,1033,1026,1028,1031,1036,33
48520,48,1028,1035,1059,1038,1029,1028,32,1036,32,1029,1033,1057,1054,1057,1055,32,1049,31,1034
48825,1036,1057,1026,1029,814,1029,32,1039,31,1049,1031,1032,1038,1029,1052,31,1032,31,1027,1030
49131,1046,1028,1035,1033,35,1033,39,1058,1027,1051,1052,1034,1027,39,1059,31,1030,1032,1035,1033
49436,1046,1027,1049,35,1044,32,1028,567,1028,1027,1039,1037,701,1028,32,1049,31,1034,1057,1039
49741,1039,1030,1052,36,1037,32,1052,1052,1033,1038,1036,1038,32,1026,40,1061,1030,1027,1028,1037
50046,173,1049,32,1038,32,1035,1052,1027,1040,1037,1029,32,1037,32,1052,1036,1052,1031,1038,1040
50351,1059,36,1028,32,1034,1033,1035,1052,1051,1052,32,1058,31,1028,1032,1035,1060,1055,1057,32
50656,47,1031,41,1026,1051,1052,1032,1052,1052,31,1056,31,1052,1027,1050,1033,1034,1033,31,1050
50962,1048,1029,1052,35,1036,32,1048,87,1030,1045,1058,1036,728,1028,39,1060,33,1028,1036,1035
51267,46,1028,32,1044,1032,1051,1034,1028,1035,31,1033,31,1057,1059,1033,1032,1047,1028,32,1036
51572,1039,1058,1027,1033,1028,1039,35,1030,32,1037,904,1049,1049,1030,1052,32,1059,32,1049,1037
51877,708,1040,32,1035,39,1057,1029,1031,1028,1045,1037,31,1033,39,1060,1029,1029,1051,1028,1028
52182,1051,1035,1035,1056,1029,1051,36,1040,33,1027,32,1037,1037,1027,1051,1047,1034,41,1059,32
52487,749,1032,1032,1059,1034,124,1035,31,1052,32,1037,1027,1049,1031,1049,1049,32,1057,31,1050
52792,1058,1028,1028,1051,36,1034,32,1051,1027,1045,1035,1031,1050,33,1034,32,1050,32,1036,1060
53098,1041,1030,1027,1030,1039,35,1052,32,1034,485,1027,1051,1052,1050,481,1052,32,1056,31,1050
53403,1029,1032,1033,797,1029,32,1050,32,1034,1037,1053,1029,979,1037,31,1030,40,1030,1030,1049
53708,262,1028,32,1038,32,1052,1031,1052,1051,1006,1056,33,1026,33,1038,1027,1034,1027,1036,1033
54013,56,1060,1028,1031,1028,924,1042,32,1052,32,1033,1039,1060,1028,1030,1027,40,1038,32,1039
54318,53,1038,31,1041,1035,1059,1028,1047,1031,32,1034,32,1051,1028,1033,1034,1030,1050,32,1034
54623,1052,1033,1038,984,1031,32,1027,31,1044,1028,1036,1034,1009,1058,31,1027,39,1054,1054,1056
54929,1058,36,1028,1030,1038,1027,1049,1029,31,1037,32,1026,236,1031,1037,1026,1028,980,1060,32
55234,46,1031,1030,1036,1027,1026,1027,39,1054,32,1033,1034,1058,1038,1060,1059,31,1050,32,1034
55539,46,1039,32,1045,1061,1029,1033,1027,1033,32,1027,33,1043,1036,1029,1026,1042,1033,33,1031
55844,1052,1027,44,1058,32,1032,1029,1055,1037,1059,1054,33,1032,40,1058,1030,1028,1052,1026,1038
56149,1036,1037,1033,37,1034,32,1037,1029,1059,1059,1059,1034,34,1050,31,1056,1035,1032,1049,1033
56454,1027,35,1045,32,1031,1032,1057,1053,1033,1056,33,1028,41,1059,1028,1051,1051,1051,1029,32
56760,1056,36,1051,32,1034,1039,1059,1058,1058,1028,31,1037,31,1028,114,1029,1032,1032,1060,1041
57065,1033,379,1034,34,1041,32,1051,1027,1036,1031,1058,1036,31,1028,40,1057,1028,1051,1028,1026
57370,1052,1043,35,1048,32,1031,208,1057,1028,1029,1033,1013,1027,31,1040,32,1029,1028,1031,1036
57675,1062,1038,1030,1028,1027,42,1041,32,1032,1060,1061,1033,1028,1046,31,1043,32,1050,288,1032
57980,1056,1028,1051,35,1034,32,1029,1032,1034,1033,1027,1029,32,1040,32,1050,32,1034,1055,1033
58285,1060,1058,1058,35,1035,40,1028,1050,1051,1034,1027,1028,32,1027,32,1055,1033,1030,1028,1030
58590,1042,1038,35,1029,31,1035,1031,1027,1050,1028,1032,31,1046,32,1037,1035,1027,1037,1050,1027
58896,1042,1035,1028,1037,35,1030,40,1057,60,1026,1029,1039,1058,1038,1027,31,1036,33,1027,1049
59201,1031,1029,1037,177,1027,31,1057,32,1029,1052,1031,1035,1034,1034,33,1035,32,1051,32,1034
59506,1028,1039,405,1056,32,1048,32,1040,1040,1056,1057,1056,1033,32,1034,32,1037,1051,1028,1033
59811,56,1059,1036,1027,1032,1037,1033,32,1050,32,1056,1040,1028,1026,1046,1027,39,1028,32,1042
60116,1046,43,1028,32,1042,32,1027,1030,1035,1061,1037,1027,32,1042,32,1028,567,1029,1030,1049
60421,1046,1034,1034,43,1059,34,1028,1031,1034,1060,1027,1051,32,1037,34,1051,32,1039,1038,1028
60727,47,1039,32,1055,34,1029,1049,1049,1027,1038,1038,31,1029,40,1029,1052,1031,1032,1039,1034
61032,1057,36,1029,32,1058,1034,1034,1029,1051,1029,37,1028,31,1035,1039,1030,1052,1051,1052,31
61337,1052,1031,1033,36,1050,32,1032,1037,1056,1033,1028,1048,34,1035,31,1034,1030,1042,1027,1034
61642,50,1036,1027,1060,1057,1036,1026,33,1037,31,1035,310,1034,1028,1028,1045,874,1040,32,1028
61947,1051,1029,1029,1059,408,1034,32,1033,148,1030,589,1033,1036,1057,1055,32,1027,39,1057,1030
62252,1026,1032,1029,1060,1039,1026,35,1032,31,1027,1030,1034,1059,1059,1037,32,1034,37,1027,34
62557,1049,1048,1050,1026,1037,1038,35,1027,38,1057,1026,1028,1028,1032,1033,32,1051,31,1034,32
62863,1046,487,1028,40,1057,32,1051,1029,1034,1059,1032,1060,33,1034,41,1057,1027,1028,1026,1035
63168,1045,1038,1039,1031,1028,35,1056,32,1029,1029,1035,1037,1029,1033,34,1058,32,1029,1028,1037
63473,1056,1033,792,1028,33,1035,31,1027,1049,1049,1051,1028,1037,31,1032,31,1057,125,1039,1034
63778,591,1027,31,1035,1029,1030,1050,1027,1033,32,1050,31,1032,1036,1030,1050,1029,1030,41,1053
64083,1043,1034,1057,1040,36,1050,32,1037,31,1031,1045,1058,1059,1039,1027,32,1028,32,1032,150
64388,1052,1036,1058,1058,454,1030,40,1058,33,1050,1035,1033,1061,1053,1054,32,1032,33,1035,1026
64694,1029,1041,708,1049,32,1032,1043,1056,1059,1029,1029,31,1060,32,1051,1051,1030,1048,1051,1034
64999,47,1040,32,1031,250,1030,1028,1035,1037,1027,1052,32,1044,32,1031,1030,1037,1034,1060,1034
65304,1028,231,1032,40,1028,31,1031,1039,1028,1028,1051,1028,43,1027,32,1037,32,1046,1031,1050
65609,1030,566,1026,32,1031,32,1026,1027,1032,1034,1031,1049,32,1037,34,1049,1033,1034,1041,1034
65914,47,1039,1036,1035,1058,1058,1034,32,1051,32,1034,1032,1028,1026,1033,1040,32,1049,32,1058
66220,1050,1036,1038,1032,845,1057,32,1046,32,1042,1054,1059,1033,1053,1027,149,1044,31,1029,39
66525,46,1051,1052,1051,1049,1051,1052,31,1036,31,1047,1052,1031,1050,1050,1048,33,1045,31,1046
66830,1027,1049,1028,1037,1037,37,1028,38,1026,32,1038,1060,1037,1061,1056,1029,33,1035,31,1032
67135,1050,346,1029,1033,1055,1039,1030,1037,32,1035,32,1027,1039,1039,1054,1026,1048,32,1039,33
67440,1058,849,1040,31,1050,33,1044,1055,1035,1028,1051,1031,32,1040,31,1029,1031,1036,1034,1030
67745,120,1028,32,1027,32,1028,1048,1031,1035,1044,1057,32,1028,39,1033,31,1028,1056,1037,1026
68050,48,1034,1049,1026,1031,1060,1040,62,1048,33,1035,31,1051,1051,1051,1029,1050,1027,40,1027
68356,1046,1031,1027,627,1037,32,1028,39,1027,1027,1027,1037,1040,1026,32,1032,32,1028,1031,1038
68661,46,1041,123,1033,1028,1028,1051,1031,1038,31,1051,32,1032,1063,1034,1029,1026,1029,66,1034
68966,1054,36,1032,40,1031,1027,1052,1049,1052,1033,39,1030,31,1029,34,1049,1030,1052,1028,1031
69271,48,1033,33,1031,1041,1035,1030,759,1028,39,1028,1049,1027,1026,1029,1037,32,1027,41,1026
69576,1027,37,1039,1027,1026,1027,1031,1036,32,1029,40,1060,1033,1049,1051,1051,1031,32,1040,32
69881,47,1030,1036,1057,1054,1036,1028,31,1028,32,1031,1030,1035,1057,1034,1028,60,1028,39,1035
70186,1043,36,1032,31,1050,1049,1030,1051,1031,1030,31,1032,32,1034,1030,1027,1051,1049,1048,32
70492,1050,1035,36,1050,34,1031,1058,1055,1041,1030,1050,395,1033,32,1029,33,1027,1049,1050,1032
70797,47,1039,1032,1029,1027,1027,1058,34,1028,32,1035,1057,1027,1051,1052,1027,32,1032,32,1032
71102,1030,1036,877,1049,32,1048,33,1051,1050,1049,1029,1048,1028,38,1029,32,1039,1035,1052,1036
71407,1052,1032,1047,1031,42,1030,32,1032,31,1048,1031,1052,1049,1028,1035,32,1052,32,1035,32
71712,1029,1039,36,1044,32,1030,39,1058,1058,1026,1030,1026,1033,32,1052,32,1038,32,1027,1050
72017,1046,1031,36,1060,32,1031,1046,1028,1029,1061,1059,32,1028,32,1033,1027,1034,1027,1039,1033
72322,121,1038,31,1033,32,1034,1029,1052,1043,1047,1032,32,1038,33,1032,1034,1057,1033,1059,1058
72628,1030,1026,1052,1049,36,1036,31,1030,287,1028,1050,1026,1031,449,1032,31,1054,95,1034,1057
72933,1058,35,1029,32,1033,1033,1050,1030,533,1028,32,1064,1049,1027,1051,1027,1026,41,1033,32
73238,1051,1031,1054,1053,37,1050,32,1035,69,1031,1050,1028,1048,1031,1034,31,1028,32,1058,1056
73543,1049,42,1030,1032,1027,1030,1040,1034,31,1033,32,1031,86,1052,1027,1030,1055,1039,1057,32
73848,1028,1027,43,1033,31,1041,32,1026,1030,1035,1058,1037,1030,31,1039,32,1027,1028,1035,1057
74153,46,1039,32,1026,1029,1042,1055,1031,1040,646,1028,40,1034,32,1043,1040,1032,1028,1052,1051
74459,1030,1052,1047,1028,514,1028,31,1050,32,1027,1035,1054,1028,1030,1047,32,1039,32,1034,95
74764,1047,1028,1040,1055,35,1027,32,1040,1026,1051,1029,1028,1033,95,1057,32,1046,32,1032,1036
75069,1030,36,1030,31,1030,1033,1033,1035,1056,1059,31,1028,42,1029,32,1035,1041,1028,1052,1030
75374,1052,1030,1052,1032,931,1035,32,1031,32,1055,1037,1056,1029,1031,1026,41,1030,33,1030,31
75679,1051,1033,1028,570,1031,33,1038,34,1049,1034,1038,1036,1053,1029,31,1027,33,1050,1051,1027
75984,1032,1038,289,1028,33,1035,32,1044,1032,1035,1040,1057,1056,32,1035,40,1059,32,1031,1037
76289,1059,1035,1031,541,1027,31,1031,68,1058,1027,1029,1031,872,1057,32,1032,71,1038,1053,1029
76595,1054,1033,1031,1052,618,1032,33,1030,1029,1036,1042,1057,1056,32,1051,32,1059,1038,1030,1052
76900,48,1030,41,1029,1048,1031,1029,1032,1038,32,1028,39,1029,1029,1035,1032,1062,1034,337,1051
77205,1027,1052,1028,1047,730,1058,32,1027,60,1041,1057,1039,1057,981,1029,35,1027,60,1032,1035
77510,48,1036,32,1032,1035,1034,1048,1050,1029,41,1032,31,1034,487,1027,1029,1029,1032,763,1028
77815,47,1033,32,1037,33,1048,1052,1029,1036,1036,1028,31,1040,32,1051,61,1028,1044,1055,1057
78120,1058,1037,1034,1029,35,1037,31,1052,87,1050,1027,1039,1059,796,1055,31,1051,32,1035,1042
78426,1052,1035,37,1028,39,1032,32,1029,1040,1052,1059,1031,1032,32,1038,33,1033,67,1058,1039
78731,1028,1029,1027,41,1035,33,1030,32,1051,1050,1031,1051,1036,1029,31,1049,32,1033,31,1052
79036,1057,1026,1033,1052,35,1037,32,1051,32,1034,1030,1050,1029,1048,1050,32,1035,32,1028,41
79341,1029,1029,1027,1033,36,1051,32,1030,149,1030,1039,1060,1039,1029,1051,31,1033,31,1027,1026
79646,1053,1051,1028,1033,1032,35,1030,38,1059,892,1027,1052,1052,1032,422,1031,31,1059,32,1052
79951,1051,40,1032,31,1031,61,1035,1037,1054,1054,1006,1027,43,1028,33,1033,1040,1032,1027,1028
80256,1033,1048,1041,1058,1028,35,1029,34,1051,1030,1027,1042,1034,1029,31,1028,32,1026,1049,1052
80562,1053,35,1036,32,1035,1049,1032,1033,1057,1058,31,1045,32,1059,1033,1026,1049,1035,1033,40
80867,52,1032,1035,1029,1035,1036,1056,32,1052,34,1037,1030,1027,1027,1038,1038,32,1026,43,1030
81172,49,1034,37,1035,1051,1047,1030,1050,1032,38,1056,32,1027,38,1031,1051,1028,1048,1048,1026
81477,49,1035,1034,1026,1029,1029,1039,32,1045,31,1030,1034,1057,1029,1050,1048,338,1028,40,1028
81782,228,1033,34,1035,32,1050,1051,1034,1031,1045,1055,33,1052,32,1034,1060,1031,1051,1050,1031
0,1052,1039,1037,1032,1047,1029,1039,1031,1036,1059,1060,1059,1059,1057,1028,1027,1031,1035,1058,1056
0,1027,1038,1033,1055,1033,1048,1050,1052,1050,1026,1030,1035,1034,1027,1034,1037,1031,1059,1057,1034
0,1049,1031,1031,1039,1033,1030,1032,1036,1058,1037,1027,1027,1037,1036,1038,1059,1028,1026,1052,1051
0,99,71,62,59,60,39,61,61,62,69,71,60,60,62,68,70,60,61,59,69
0,236,208,289,262,255,262,262,261,92,1040,96,1042,151,321,235,264,240,263,234,238
422,259,228,292,236,263,235,266,244,265,227,290,174,1040,122,1035,147,316,236,262,315
727,172,374,236,234,288,234,260,228,291,234,260,237,268,236,1043,123,1039,175,289,236
1032,289,237,287,237,1037,124,1032,146,404,232,261,290,238,290,235,261,227,289,239,262
1338,230,264,254,201,315,237,265,237,286,228,288,233,265,237,1037,120,1041,122,597,236
0,227,268,322,243,270,244,268,239,262,230,294,242,268,97,1042,123,1035,182,292,267
306,264,245,271,242,1042,123,1034,153,326,233,238,266,239,269,236,271,239,267,233,294
611,1032,131,669,240,267,293,233,296,240,269,241,265,240,275,231,261,234,1036,122,1032
916,1058,156,295,269,241,297,241,294,232,264,247,271,239,270,97,1037,123,1036,180,269
1221,296,127,1041,126,1034,179,292,296,236,295,234,298,244,266,241,266,239,1040,126,1035
1526,341,233,296,240,269,239,268,238,267,233,262,233,1032,97,1039,124,553,212,269,356
1831,179,297,268,233,293,243,266,238,265,240,270,232,292,237,1038,116,1030,125,495,238
2136,284,231,265,238,273,245,269,96,1043,124,1007,233,231,295,240,294,238,272,233,261
2441,237,291,238,266,234,259,237,1035,99,1039,125,665,214,266,269,238,300,232,293,238
2747,298,232,297,240,270,237,266,239,1044,123,1034,152,389,241,268,269,231,299,239,265
3052,1051,129,1043,242,267,294,232,292,237,266,241,270,238,269,88,1031,123,1038,243,270
3357,235,293,231,296,238,265,239,267,239,266,233,298,123,1030,123,1029,116,637,210,292
3662,123,1031,205,297,296,238,294,235,295,240,269,239,267,233,293,96,1036,116,1031,185
3967,269,300,230,298,238,270,239,270,244,268,116,1031,123,1034,239,240,265,242,296,233
4272,290,243,295,235,297,237,268,239,273,233,262,232,1035,98,1043,123,504,268,244,270
4577,1040,188,261,265,238,297,242,271,234,293,239,268,242,1029,124,1039,150,412,237,266
4883,1052,131,1033,215,265,270,238,293,237,297,239,269,238,274,234,293,128,1040,124,1033
5188,408,245,241,270,240,292,231,296,244,268,242,263,239,272,179,1032,124,1038,151,350
5493,271,244,1032,122,1032,150,324,294,273,295,235,292,239,266,243,265,239,270,186,1033
5798,1029,128,1029,213,267,269,237,292,232,294,240,270,239,267,232,1036,125,1044,176,295
6103,127,986,231,257,292,268,293,233,293,239,267,237,267,234,297,242,1030,118,1033,123
6408,297,243,267,242,269,232,1036,96,1033,125,438,266,261,274,242,270,240,293,234,290
6713,92,1036,124,725,241,266,321,215,272,241,269,238,268,230,291,239,1032,115,1040,152
7019,291,246,266,241,293,237,271,240,267,240,267,215,1032,125,1032,152,523,240,274,272
7324,439,244,265,296,230,292,241,292,237,269,234,294,239,267,245,270,245,295,123,1040
7629,124,1034,117,1040,192,295,268,234,295,244,269,241,294,235,296,240,273,241,1058,98
7934,120,956,212,269,266,234,296,238,268,240,269,241,273,233,294,241,275,239,1035,123
8239,293,245,295,236,271,242,267,241,268,96,1039,128,1031,181,291,268,241,295,238,294
8544,243,268,239,270,240,295,232,294,240,269,213,1031,124,1030,179,294,261,232,294,241
8849,119,1039,177,258,264,243,300,240,268,233,296,243,270,240,268,238,272,115,1027,123
9155,1054,122,1037,214,269,268,235,297,244,294,241,270,230,295,241,294,99,1041,122,1034
9460,87,1037,122,1034,215,265,266,216,295,232,293,239,268,244,269,237,293,89,1032,125
9765,1051,120,517,235,269,266,241,296,234,295,238,265,241,270,153,1036,123,1037,213,266
10070,241,300,235,293,242,267,242,1033,125,1038,152,380,291,241,291,232,297,245,295,232
10375,296,243,269,244,1039,124,1031,153,300,262,264,292,241,295,231,295,241,269,237,270
10680,294,241,299,234,294,242,266,240,270,241,1040,123,1032,152,437,233,261,294,244,295
10986,293,240,1036,125,1030,177,298,293,239,296,239,292,232,294,240,269,239,275,229,1030
11291,239,268,241,267,233,1035,99,1034,151,360,240,240,295,237,291,232,294,238,267,242
11596,288,245,266,97,1032,124,1033,236,263,295,243,296,234,297,238,292,239,267,236,1030
11901,237,296,231,297,241,268,240,1027,124,1028,150,388,236,243,293,238,293,235,296,240
12206,231,294,234,294,242,297,231,295,239,268,240,1032,124,1031,181,320,269,244,293,240
12511,283,233,1028,98,1035,124,531,240,238,271,242,293,232,295,239,275,236,293,234,292
12816,233,266,232,1029,95,1040,151,557,238,239,297,230,296,246,293,233,293,242,269,237
13122,245,268,239,276,88,1050,123,983,231,259,295,240,293,235,299,239,269,245,268,243
13427,111,1033,151,321,240,241,298,233,295,240,296,231,298,245,291,96,1043,124,1031,232
13732,180,294,267,239,295,217,298,232,294,240,293,241,269,235,266,179,1036,124,1035,150
14037,229,294,234,292,247,266,241,270,180,1032,122,1033,181,318,268,238,297,239,294,231
14342,230,295,245,1032,121,1029,151,439,242,237,296,233,296,240,292,234,296,238,266,244
14647,1055,133,1034,241,267,299,233,294,242,294,238,294,234,293,239,1033,128,1029,177,295
14952,295,241,1033,124,1040,153,384,267,241,297,232,297,242,298,217,295,232,297,241,1031
15258,1030,128,1035,179,293,270,239,292,206,296,240,292,239,293,231,298,244,1030,123,1032
15563,1054,236,262,296,246,296,232,296,236,269,240,294,236,294,98,1029,116,1031,211,272
15868,1054,125,1029,176,267,267,243,298,232,295,241,289,241,268,231,297,206,1033,128,1031
16173,291,236,295,98,1032,116,1036,185,295,265,235,296,208,295,240,297,235,295,236,269
16478,230,1059,124,1037,179,299,268,245,298,234,295,240,271,240,268,239,268,179,1028,124
16783,238,268,238,265,154,1032,124,1053,151,348,259,268,268,240,293,231,295,239,295,238
17089,1031,105,1032,149,609,235,231,292,240,291,234,293,242,294,245,268,233,294,151,1040
17394,94,1029,116,1015,238,271,294,232,271,242,296,240,268,237,293,239,1030,116,1037,152
17699,205,299,241,271,218,293,233,296,238,269,239,1031,121,1038,152,551,239,269,265,236
18004,295,241,241,293,236,296,239,269,245,267,242,268,235,1036,123,1039,152,330,239,268
18309,715,232,265,265,239,299,230,294,240,294,240,265,236,293,97,1030,115,1028,184,297
18614,286,89,1030,124,1031,151,323,241,264,272,233,297,243,301,217,266,240,267,231,272
18919,289,224,296,237,294,239,268,239,267,241,268,207,1037,122,1032,151,445,234,257,293
19225,1060,129,865,234,260,292,241,294,232,294,242,270,238,267,240,1035,124,1032,153,298
19530,1032,130,954,233,261,267,239,296,216,296,234,295,241,267,241,268,241,293,88,1038
19835,283,234,295,241,292,233,296,244,1029,116,1030,126,545,231,266,322,206,292,235,298
20140,319,243,273,240,271,236,265,233,296,239,1033,117,1030,123,545,232,264,269,212,296
20445,235,298,238,294,237,269,242,268,115,1035,126,1031,178,294,270,211,296,235,293,238
20750,96,1040,155,529,239,268,294,230,298,242,297,232,291,243,266,243,268,244,1040,125
21055,237,268,214,1033,125,1040,177,294,259,241,293,236,293,231,295,242,265,246,265,240
21361,229,1031,124,1040,155,410,232,260,294,240,297,236,297,239,269,240,269,239,269,235
21666,1033,130,658,241,263,294,246,301,233,293,239,275,242,269,211,1032,124,1037,181,272
21971,294,95,1034,116,1035,214,264,266,234,298,238,321,236,295,238,272,245,272,151,1031
22276,235,298,232,295,241,271,238,1036,126,1030,153,357,239,239,294,239,295,234,293,244
22581,232,292,233,271,241,294,99,1039,127,1033,180,294,267,268,295,232,290,241,268,242
22886,1030,155,322,269,240,297,238,291,231,290,242,268,239,271,233,1031,125,1035,179,297
23191,291,235,1031,98,1031,125,666,238,272,290,233,295,239,294,239,269,234,295,239,271
23497,244,295,88,1036,125,1043,179,298,268,245,294,232,296,244,268,243,270,238,267,232
23802,1052,185,293,261,234,294,239,297,232,299,240,267,240,268,214,1028,124,1029,179,296
24107,238,1033,98,1041,149,477,243,268,267,237,290,232,294,238,269,244,292,235,1033,122
24412,237,1038,123,1036,150,470,237,242,293,233,297,238,295,241,293,233,298,245,268,239
24717,286,233,296,242,267,241,290,153,1035,124,1032,180,269,268,204,292,238,291,240,269
25022,153,351,233,268,292,211,293,229,294,240,292,239,267,232,1028,100,1033,154,526,235
25328,241,292,233,294,240,294,241,271,232,295,240,1036,116,1032,126,728,240,269,296,229
25633,1033,130,499,236,240,298,234,294,245,272,238,268,233,262,233,1033,99,1045,151,386
25938,285,236,273,242,265,241,1034,123,1030,152,611,235,258,294,241,294,240,294,241,266
26243,113,1036,125,724,232,268,293,239,297,231,295,237,271,239,269,234,260,237,1031,98
26548,231,297,233,297,247,268,237,293,88,1032,122,1035,179,268,267,209,294,242,297,235
26853,291,244,210,293,235,295,241,268,239,266,242,1037,122,1032,151,382,243,240,294,233
27158,204,296,239,293,242,268,239,294,241,266,244,1036,124,1052,149,467,235,270,268,214
27464,895,235,265,265,240,294,235,296,241,298,240,265,233,292,240,268,178,1044,123,1032
27769,265,241,299,236,299,240,293,232,294,239,267,149,1033,125,1035,179,295,270,237,294
28074,121,1036,151,552,241,270,270,207,296,233,296,237,294,231,296,242,267,247,1039,123
28379,294,242,1037,123,1031,127,494,232,270,321,235,294,240,272,237,268,243,269,233,300
28684,246,264,239,1040,127,1063,177,294,266,243,295,231,292,242,269,244,272,242,1044,125
28989,243,294,231,296,239,268,243,270,213,1031,124,1029,151,410,267,238,296,230,297,241
29294,232,270,237,294,244,268,241,270,243,1061,100,1028,152,497,239,235,295,240,296,235
29600,232,298,240,267,237,267,234,295,127,1033,124,1051,181,294,264,243,268,243,294,233
29905,294,268,237,293,232,292,242,267,243,269,234,296,178,1035,127,1036,180,296,269,237
30210,295,233,298,238,270,239,267,237,270,235,1034,123,1038,178,298,266,239,294,233,297
30515,293,235,295,240,1028,116,1032,155,353,262,231,293,240,297,233,294,243,271,239,266
30820,85,1044,125,983,238,249,267,237,293,243,296,217,291,232,294,242,267,245,1058,130
31125,236,293,235,296,240,266,191,1035,119,1030,187,268,269,240,328,245,293,242,271,232
31430,232,293,240,269,236,270,231,298,179,1032,126,1037,148,353,241,267,296,205,295,242
31736,1031,181,265,260,233,346,232,295,241,268,242,266,242,1034,123,1030,150,385,242,266
32041,1052,133,1036,241,271,267,239,297,234,295,241,290,230,293,239,1039,116,1029,152,349
32346,227,294,242,269,236,294,88,1033,125,1036,176,299,242,242,294,236,294,239,293,242
32651,89,1041,124,959,246,267,293,232,293,239,296,234,293,240,267,242,271,95,1040,123
32956,204,295,232,294,243,269,240,267,241,267,236,296,94,1031,116,1039,185,298,241,243
33261,284,272,243,270,239,297,231,267,234,266,241,266,101,1033,123,1042,206,266,298,241
33566,120,953,238,240,269,233,293,240,296,237,268,234,295,153,1040,124,1030,210,266,270
33872,238,298,242,291,234,271,241,264,239,297,90,1029,125,1040,152,354,238,240,290,231
34177,296,239,268,239,267,233,1035,124,1040,151,359,245,239,295,235,294,242,273,241,265
34482,255,293,239,1031,118,1053,151,346,268,241,294,239,274,234,296,242,268,241,265,238
34787,294,244,268,244,265,239,272,233,1031,98,1034,123,669,206,267,266,238,291,236,292
35092,239,296,241,296,235,297,241,273,237,266,115,1028,124,1030,176,294,242,239,294,231
35397,292,245,268,96,1040,126,1029,205,261,267,239,296,238,292,234,293,240,267,239,1039
35703,240,296,240,291,233,294,238,290,232,265,232,268,239,1042,116,1054,149,639,234,267
36008,243,271,241,268,205,1037,123,1033,153,323,233,270,296,215,297,233,294,243,294,239
36313,284,231,267,242,263,126,1041,125,1032,205,262,267,240,296,215,294,233,295,239,266
36618,1047,130,845,209,267,262,241,296,238,267,242,269,234,294,238,266,240,268,126,1036
36923,126,1038,208,269,274,215,321,231,295,240,267,241,264,239,266,89,1039,124,1034,206
37228,293,243,269,206,1040,128,1033,205,261,266,239,325,234,295,240,267,241,273,239,1041
37534,120,904,206,295,268,212,289,240,266,232,293,242,270,241,267,240,263,234,1034,99
37839,112,1036,176,325,237,263,297,206,294,242,294,232,293,239,268,240,1033,124,1053,150
38144,172,302,265,242,294,231,292,240,270,243,267,235,261,179,1047,126,1035,179,271,258
38449,299,127,1033,123,1039,152,356,238,239,265,236,295,236,295,240,267,239,271,234,296
38754,298,220,266,243,268,233,263,90,1040,122,1052,215,265,294,231,295,238,273,241,267
39059,1051,122,1028,212,269,264,232,296,238,296,214,270,243,268,235,295,98,1034,115,1034
39364,112,1042,122,525,213,268,266,233,293,239,267,242,296,233,291,239,266,241,274,239
39670,235,263,179,1040,126,1031,205,293,270,239,296,206,293,235,294,239,270,241,265,116
39975,551,242,269,270,242,331,241,268,242,264,240,268,236,1051,123,1038,153,296,244,266
40280,288,235,268,243,1032,116,1032,150,408,239,244,267,239,270,215,270,238,266,234,294
40585,248,267,237,271,238,266,233,1035,130,1047,181,293,244,239,293,240,268,231,296,241
40890,238,266,239,268,232,293,240,270,237,1060,124,1028,179,264,259,235,346,233,296,242
41195,239,270,239,272,246,266,232,1035,98,1039,151,472,231,271,269,244,295,238,294,241
41500,240,273,243,266,233,293,127,1042,125,1037,203,264,292,239,298,213,269,239,269,236
41805,295,239,266,239,268,232,1032,124,1036,151,296,267,238,293,239,270,233,293,240,268
42111,661,242,268,294,242,293,242,270,235,263,233,266,239,269,151,1054,127,1032,179,292
42416,270,246,270,233,1029,123,1035,175,297,271,242,296,233,263,231,271,238,265,245,266
42721,230,266,235,1031,123,1034,180,294,270,242,298,233,296,244,265,241,267,234,1033,123
43026,1054,184,295,273,238,296,231,268,242,272,241,273,240,264,114,1028,127,1038,213,267
43377,215,244,268,241,294,234,295,238,268,241,266,241,268,238,1028,98,1039,123,553,266
0,1056,127,697,232,257,268,239,297,213,268,240,265,232,294,241,264,98,1031,126,986
306,175,268,270,238,266,215,271,215,268,239,266,232,264,233,267,206,1031,123,1038,151
611,232,298,237,270,215,268,238,267,232,293,126,1031,122,1033,207,266,294,240,298,240
916,284,239,270,237,273,238,266,129,1029,125,1039,206,267,321,233,292,239,293,239,266
1221,204,299,241,273,241,268,239,270,233,262,230,1033,96,1046,124,609,232,267,267,241
1526,1012,212,265,264,231,294,242,294,232,295,241,264,240,269,239,1048,122,1058,151,351
1831,1055,102,1032,153,438,234,259,268,245,294,240,270,231,293,241,267,241,266,150,1034
2136,233,266,235,294,243,293,213,267,238,270,231,295,238,1035,114,1031,148,436,245,265
2442,234,264,233,1033,97,1046,155,327,237,242,294,215,268,217,266,238,266,232,292,241
2747,262,247,294,236,296,240,267,238,268,242,1046,98,1029,152,299,266,232,297,245,269
3052,286,235,270,240,268,215,1053,123,1032,151,385,241,269,297,235,293,240,265,244,269
3357,286,238,268,237,272,179,1033,127,1032,212,267,277,242,294,233,293,240,268,240,266
3662,120,1033,205,273,260,233,323,214,295,233,294,241,269,239,1028,125,1028,180,292,260
3967,268,241,270,212,269,241,265,238,267,233,259,232,266,242,1028,116,1035,152,412,241
4272,1029,130,1034,151,382,270,244,264,216,271,213,266,239,265,232,261,180,1038,124,1032
4578,267,241,266,214,290,238,267,234,259,235,272,126,1034,126,1037,209,240,267,235,296
4883,127,476,241,239,267,239,295,234,295,242,269,239,268,241,267,232,264,125,1035,116
5188,1053,120,465,240,239,267,234,293,243,268,240,267,239,266,115,1028,123,975,235,233
5493,321,267,231,298,238,292,232,265,233,294,95,1036,123,753,233,205,266,234,295,238
5798,293,241,271,234,292,208,1039,123,1043,156,345,236,240,295,238,294,243,269,216,270
6103,296,239,274,244,267,97,1052,125,1030,205,261,293,242,270,213,270,214,267,239,269
6408,125,1033,152,296,265,232,293,238,267,240,272,214,269,240,1047,127,1035,206,234,259
6714,243,268,239,266,239,268,233,296,241,268,244,265,94,1040,124,1058,150,474,243,241
7019,237,270,241,266,241,1058,98,1027,149,380,267,238,272,231,264,232,269,242,266,237
7324,260,293,243,295,217,267,215,266,240,266,234,1052,101,1041,150,330,265,243,271,237
7629,285,232,270,239,1040,117,1038,153,411,242,266,269,240,294,232,295,238,269,240,266
7934,232,272,292,239,238,267,234,294,238,270,238,1031,121,1029,176,295,260,231,296,240
8239,643,240,238,265,241,296,234,294,239,266,241,268,243,267,233,295,98,1032,117,1042
8545,293,152,1038,129,1027,152,411,243,239,269,232,296,243,294,214,270,217,270,218,266
8850,242,242,267,234,294,246,267,215,268,243,268,239,267,232,262,125,1037,115,1032,151
9155,266,242,1033,122,1033,150,323,261,232,293,241,271,212,272,216,272,239,269,233,1038
9460,1033,129,1032,177,293,233,258,291,214,269,216,268,243,270,243,273,235,262,153,1033
9765,270,243,297,234,296,242,270,246,270,238,1042,122,1038,151,381,240,241,269,217,270
10070,1061,185,271,296,240,291,232,268,239,270,239,268,217,266,212,1038,129,1030,178,296
10375,1030,127,1029,154,350,267,236,290,242,270,244,265,214,267,214,265,244,270,206,1039
10681,298,240,292,233,269,241,268,240,269,97,1038,123,1034,204,257,322,239,294,238,294
10986,284,233,294,239,267,240,268,233,1030,96,1029,152,498,242,245,266,240,291,234,293
11291,294,216,266,237,267,232,1027,99,1027,149,443,235,235,261,234,299,214,265,242,266
11596,235,297,240,267,240,265,216,268,151,1029,123,1034,181,266,268,241,297,231,295,241
11901,122,814,241,242,266,215,270,212,267,237,269,236,261,124,1033,115,1027,242,264,260
12206,295,242,268,235,258,232,268,241,1031,115,1038,125,607,216,239,270,239,270,214,269
12512,228,270,233,261,124,1030,115,1034,151,268,267,240,267,238,296,233,293,214,265,218
12817,235,271,221,268,215,1030,125,1031,150,350,267,243,265,240,268,210,268,217,266,214
13122,269,213,267,238,267,89,1054,127,1032,239,240,270,236,291,231,294,214,274,242,265
13427,86,1035,124,472,266,239,266,215,272,238,267,238,257,234,268,124,1028,123,1037,207
13732,490,266,241,268,231,293,242,267,239,267,240,266,88,1031,123,1019,231,236,267,237
14037,236,268,215,263,219,270,238,269,232,1031,123,1042,150,360,244,240,266,213,268,213
14342,1032,93,1029,153,408,271,241,265,214,268,211,266,214,269,212,269,239,266,115,1042
14648,292,128,1033,121,1036,178,263,268,234,292,238,267,239,265,238,267,233,258,235,1029
14953,292,90,1037,124,750,238,384,212,275,267,241,266,232,261,231,265,97,1029,115,955
15258,272,240,266,214,266,189,1031,116,1037,150,320,268,234,260,205,293,207,292,213,268
15563,648,240,237,267,240,299,235,292,207,266,239,268,214,267,212,1035,116,1028,152,377
15868,240,266,213,265,216,267,243,270,213,1029,123,1032,149,418,241,243,270,211,268,216
16173,212,269,212,268,213,269,213,268,216,266,215,266,215,1030,89,1030,125,869,176,268
16478,230,295,240,268,211,268,211,269,216,264,186,1030,116,1035,149,408,243,267,266,215
16783,237,268,210,276,211,269,213,1034,122,1031,153,298,240,239,293,234,265,239,267,241
17089,1052,130,817,212,266,270,177,293,207,266,233,261,233,266,240,268,238,266,210,1033
17394,127,1033,181,240,265,215,296,233,257,208,265,235,268,238,266,97,1033,123,987,210
17699,269,213,267,215,269,212,1031,124,1030,207,238,270,207,265,206,268,208,269,208,269
18004,290,216,268,215,269,212,265,99,1032,124,1035,209,239,267,234,293,242,274,215,267
18309,233,273,232,259,231,267,237,1034,116,1034,152,321,268,231,296,240,267,244,269,239
18614,86,1039,126,933,206,272,236,243,264,217,266,215,266,212,267,212,267,241,269,123
18919,153,323,209,262,266,237,271,238,263,241,266,233,261,233,268,96,1036,116,1030,150
19225,295,212,269,215,269,237,269,95,1048,122,1041,151,296,231,261,269,239,268,211,266
19530,377,213,264,266,231,262,207,259,231,270,241,273,238,1028,123,1033,151,326,235,258
19835,231,1031,95,1042,123,619,205,294,242,240,266,239,270,242,268,234,260,237,266,97
20140,268,213,243,271,211,267,212,271,216,266,216,266,125,1030,126,1036,179,257,236,235
20445,264,243,269,240,268,239,274,233,263,238,1035,96,1040,150,358,214,268,267,243,266
20750,296,245,1028,89,1054,151,528,240,272,268,241,267,231,296,237,266,239,268,216,292
21055,289,243,1039,125,1031,153,526,241,266,238,240,270,216,270,215,269,212,268,215,265
21361,84,1036,128,982,207,269,348,212,295,233,292,239,267,239,269,237,268,88,1039,122
21666,231,297,234,268,209,267,241,269,238,272,238,1039,97,1030,151,391,240,271,269,211
21971,113,1038,182,268,240,239,297,236,266,233,262,231,266,236,268,179,1035,122,1031,154
22276,234,265,241,266,216,269,212,1031,115,1028,151,437,243,240,293,207,294,232,265,237
22581,1030,128,1037,181,269,240,241,295,204,291,206,297,239,268,213,272,211,267,215,1028
22886,779,235,259,266,206,292,217,270,212,266,212,266,216,1035,117,1032,187,268,244,242
23191,371,243,241,266,206,266,235,263,234,267,243,269,240,1032,125,1030,151,466,233,261
23497,230,270,242,266,236,267,212,1039,125,1032,116,611,213,293,235,260,265,240,269,216
23802,1057,182,298,238,267,267,244,267,232,269,234,267,235,270,244,267,151,1038,129,1034
24107,1033,184,331,240,264,247,242,265,219,271,212,265,213,268,237,268,233,296,240,1032
24412,231,268,241,269,242,272,214,1029,124,1034,151,526,246,294,244,242,265,235,260,234
24717,123,1039,151,295,240,239,266,235,267,234,271,238,266,239,1035,125,1037,154,294,240
25022,1032,129,762,240,266,268,237,295,233,294,240,265,237,266,232,263,152,1033,123,1033
25328,265,267,241,264,240,270,233,294,237,275,241,268,215,266,97,1062,123,1043,151,380
25633,1049,154,350,235,262,267,241,269,220,266,241,268,213,273,215,1033,121,1039,151,353
25938,121,1036,116,637,236,260,268,240,294,215,267,212,269,239,269,234,260,233,268,241
26243,241,276,269,235,298,235,270,245,268,219,272,241,267,232,293,97,1036,118,1031,190
26548,98,1032,117,515,230,272,270,216,271,215,269,243,270,210,1034,126,984,240,266,267
26853,122,1034,178,268,213,268,269,235,259,236,295,243,270,240,265,231,262,151,1029,120
27158,295,213,267,213,267,238,269,236,259,204,1032,99,1030,125,579,213,270,239,238,265
27464,234,275,242,264,241,270,240,1037,123,1031,124,581,239,293,233,234,264,242,269,241
27769,1037,182,295,231,230,266,240,266,240,267,239,268,234,259,233,267,204,1033,126,1027
28074,283,206,1033,125,1037,153,359,239,268,268,233,293,239,268,238,265,238,263,231,264
28379,374,237,267,266,217,270,213,268,240,267,213,1059,98,1036,153,265,241,241,267,215
28684,284,234,292,237,272,213,268,238,268,176,1036,121,1030,152,321,235,260,265,239,268
28989,93,1031,125,1036,177,297,233,235,260,230,270,240,267,241,267,238,269,237,261,151
29294,286,233,264,241,270,178,1031,125,1033,178,267,241,264,266,236,271,231,259,234,268
29600,295,104,1037,125,1031,151,441,206,268,231,232,261,232,270,239,266,214,268,240,268
29905,262,270,267,244,270,213,293,235,295,239,270,240,270,212,1032,125,1034,116,638,231
30210,288,240,268,185,1031,116,1033,151,321,212,267,266,232,293,241,268,238,269,239,268
30515,233,270,240,270,245,1061,124,1030,149,465,235,293,236,237,272,215,267,238,267,231
30820,270,241,264,268,237,268,232,292,241,267,240,270,211,1029,122,1040,150,346,232,266
31125,270,269,235,293,240,267,242,268,239,269,88,1038,124,1041,207,268,240,242,267,245
31431,295,261,267,271,239,265,237,267,233,263,234,268,245,1033,116,1029,125,577,205,232
31736,243,271,211,1036,116,1033,151,323,241,269,262,236,273,242,263,239,270,240,267,234
32041,232,1043,96,1037,124,467,233,231,267,207,293,241,267,244,269,232,263,180,1042,125
32346,348,242,240,268,214,270,241,268,233,265,234,268,240,268,100,1029,123,1038,180,294
32651,230,269,239,268,212,1034,115,1038,152,379,236,269,319,233,294,242,267,241,266,242
32956,472,238,267,269,208,295,235,294,244,266,239,264,232,1053,122,1029,152,349,244,239
33261,1058,183,293,241,238,296,211,271,233,293,240,264,242,268,244,271,116,1035,122,1030
33566,234,1045,126,1032,156,321,235,233,293,210,269,239,264,241,268,233,259,208,1037,124
33872,116,1031,124,552,234,256,267,243,299,240,271,231,292,243,269,240,1032,122,1030,150
34177,90,1037,127,1029,180,355,241,270,275,153,295,241,265,215,270,214,269,240,268,233
34482,295,238,268,216,262,238,272,118,1035,123,1028,179,320,240,241,267,205,272,232,294
34787,238,294,237,292,242,269,241,269,239,1042,124,1035,151,412,240,265,320,242,269,214
35092,267,238,269,114,1035,123,1053,152,373,235,268,322,230,296,242,267,237,270,241,265
35397,230,294,214,269,239,271,240,274,234,262,233,1031,100,1044,123,527,241,267,267,233
35702,291,218,267,243,266,242,267,115,1032,121,1040,181,267,239,242,297,237,267,232,261
36008,176,296,243,238,348,234,268,239,270,238,265,216,270,241,270,116,1031,125,1031,180
36313,291,241,269,238,266,234,262,233,266,96,1028,116,1038,185,269,293,231,294,243,268
36618,114,613,214,267,296,234,300,238,266,239,269,240,267,233,292,238,1032,117,1039,126
36923,152,410,213,268,265,234,292,241,267,239,266,238,267,233,259,232,265,124,1028,122
37228,291,234,261,232,267,242,271,241,1036,127,1029,179,356,242,267,295,262,295,242,264
37533,288,235,265,239,272,241,265,241,1044,126,1028,178,290,232,233,296,237,268,239,271
37838,86,1030,121,894,213,270,300,236,296,244,268,238,272,239,267,232,260,233,1051,114
38144,291,241,1034,128,1030,153,466,233,256,267,241,294,240,263,238,293,239,270,241,266
38449,1051,189,294,241,238,292,206,293,236,269,239,265,242,268,232,298,97,1032,117,1033
38754,287,234,272,99,1031,116,1032,184,325,231,233,349,214,271,214,266,242,267,236,260
39059,246,269,239,1060,127,1031,150,409,217,270,265,206,294,236,296,241,273,242,263,233
39364,231,1042,99,1038,147,382,237,240,266,232,297,240,268,238,266,239,267,233,1031,122
39669,265,235,297,239,270,240,265,233,261,233,268,240,1032,116,1032,150,374,231,272,291
39975,315,239,270,242,271,240,269,232,295,241,1028,116,1030,149,346,232,233,321,237,269
40280,291,96,1030,115,1028,185,268,269,215,294,235,295,240,268,240,269,242,270,90,1029
40585,350,239,265,237,267,243,268,237,260,237,1033,123,1039,151,345,239,243,331,237,267
40890,287,233,294,241,267,240,1038,121,1031,150,406,242,241,292,232,297,237,268,239,265
41195,176,295,234,266,296,241,269,232,294,244,267,241,270,218,1030,127,1032,178,316,267
41500,1057,154,467,239,243,296,215,269,240,264,232,259,232,293,238,1034,125,1032,152,439
41805,281,206,1032,126,1041,151,353,265,242,267,232,266,231,267,240,267,242,271,242,267
42110,152,358,241,206,300,239,264,239,268,233,259,231,294,179,1038,124,1034,176,296,241
42416,120,1044,154,381,240,240,328,241,267,238,265,238,267,233,296,97,1031,116,837,239
42721,356,242,272,273,240,327,243,268,243,271,239,269,230,259,152,1030,128,1031,155,386
43026,293,219,264,216,269,240,266,233,1033,123,1041,152,292,235,208,292,240,267,245,265
43331,233,263,231,268,237,1030,115,1030,183,292,240,188,290,218,269,214,266,237,268,231
43636,271,241,1040,115,1038,128,604,240,241,266,239,295,235,291,217,267,238,263,239,269
43941,1054,120,1035,153,437,242,240,267,218,268,240,266,232,294,247,269,243,1032,124,1038
44246,121,1035,116,1054,178,321,265,247,293,212,294,233,294,241,269,241,266,237,268,119
44552,274,239,293,236,262,235,293,242,266,238,263,236,1032,99,1032,127,555,220,270,295
44857,322,242,271,232,262,231,265,237,268,238,1030,125,1031,179,293,256,234,295,240,270
45162,233,1040,97,1030,151,553,240,240,266,234,297,243,267,240,267,242,268,231,1054,96
45467,230,269,233,293,99,1030,115,1031,186,292,241,238,293,234,294,242,294,232,261,231
45772,1032,120,1041,125,549,269,239,270,238,293,236,296,238,271,243,266,241,268,151,1032
46077,295,151,1029,130,1042,181,298,297,239,298,233,293,213,268,242,268,216,294,89,1036
46383,115,1037,124,621,244,272,268,243,295,233,295,239,270,239,267,233,295,243,269,125
46688,283,233,295,239,269,214,267,237,267,232,262,179,1036,123,1031,151,296,261,234,272
46993,239,294,231,294,242,267,243,1060,122,1030,154,323,296,242,295,231,298,242,270,240
47298,275,358,239,294,234,297,239,266,238,270,238,269,211,1047,125,1036,153,294,234,231
47603,85,1038,125,831,234,233,294,243,295,234,297,241,268,242,264,240,1035,124,1036,152
47908,291,237,294,243,266,241,1038,123,1033,150,498,235,235,272,245,292,238,293,233,273
48213,239,294,234,294,239,266,242,275,97,1038,127,1036,176,291,267,241,268,241,269,212
48519,240,277,153,1041,124,1034,181,298,242,242,294,208,269,238,297,242,272,243,270,218
48824,285,232,292,244,267,99,1041,122,1030,178,271,291,242,296,218,291,233,294,240,271
49129,118,1035,180,299,266,239,267,213,269,237,269,238,294,239,266,238,266,186,1033,116
49434,238,265,238,1038,122,1039,150,381,245,241,268,243,266,212,295,232,296,242,269,244
49739,299,235,295,238,268,241,1038,123,1030,152,383,266,241,294,232,295,241,268,241,272
50044,1053,130,754,213,265,237,239,296,232,292,240,295,213,271,214,268,243,265,233,260
50350,296,217,268,239,268,213,271,240,297,88,1035,124,1054,184,296,239,239,296,231,304
50655,1050,156,330,237,241,292,232,293,240,272,239,269,239,266,233,263,231,1029,96,1038
50960,1031,155,581,240,265,263,206,295,242,299,216,269,239,264,231,295,208,1033,123,1033
51265,231,269,234,1032,123,1041,153,360,243,241,293,233,293,241,271,240,266,240,1041,128
51570,213,266,296,208,295,233,297,214,293,214,267,240,271,232,294,241,1043,115,1031,150
51875,202,273,295,241,298,232,295,243,293,233,291,239,270,238,1035,124,1027,151,386,239
52180,94,1034,116,1036,183,267,269,212,296,234,293,237,267,238,272,238,270,153,1032,117
52486,122,1030,206,260,271,239,296,214,293,232,295,239,267,238,271,239,1044,125,1036,152
52791,574,234,234,294,243,268,238,295,236,295,239,263,242,1029,125,1030,180,268,292,232
53096,98,1035,115,1035,215,267,268,234,295,237,294,240,265,232,262,235,1031,121,1030,152
53401,298,240,266,240,1047,122,1035,123,724,211,268,267,233,295,241,297,214,291,233,296
53706,293,235,297,243,297,215,270,240,265,237,294,236,1033,114,1031,145,411,241,238,294
54011,234,299,232,295,237,267,241,271,237,264,122,1036,117,1031,154,296,239,211,296,217
54316,233,1039,125,1041,148,385,238,238,295,231,293,241,293,213,269,238,268,232,293,241
54622,293,241,267,233,262,177,1038,128,1043,181,292,268,241,323,233,297,242,293,240,267
54927,295,243,267,239,291,232,295,242,1034,125,1054,178,296,272,240,294,214,294,233,298
55232,273,240,296,233,295,243,295,214,267,239,268,230,295,97,1033,116,1035,184,295,239
55537,1053,128,868,242,270,269,242,329,237,294,212,266,241,267,232,262,232,1032,124,1042
55842,289,237,293,239,1032,116,1035,149,440,240,244,270,240,296,233,291,240,265,240,269
56147,125,635,232,270,268,239,294,234,294,238,273,239,269,239,266,236,1031,101,1030,152
56452,125,761,239,268,295,231,295,238,293,213,265,237,265,231,292,237,1030,116,1036,124
56757,1030,129,837,234,264,266,241,294,237,296,243,266,239,269,242,264,89,1030,126,1051
57063,1030,184,295,260,236,296,239,271,240,292,235,271,240,269,245,266,98,1041,123,1029
57368,288,242,271,180,1029,123,1033,178,321,268,242,297,215,272,216,293,231,265,233,297
57673,289,235,265,125,1032,116,1028,185,294,267,234,296,242,294,240,269,231,294,241,268
57978,285,232,1034,97,1040,151,468,240,267,266,239,295,236,295,244,267,239,265,232,263
58283,88,1037,125,1036,180,272,268,239,293,232,294,240,265,239,266,217,269,237,1044,124
58588,1059,128,1041,178,293,271,239,292,235,297,237,271,242,264,239,269,177,1036,124,1031
58893,294,242,269,238,269,233,1030,124,1038,150,477,241,267,267,242,296,210,296,242,293
59199,345,240,237,292,237,296,242,268,241,267,232,292,245,1036,116,1028,151,350,234,259
59504,295,241,265,242,269,233,1037,99,1029,151,357,241,244,267,240,270,238,267,233,296
59809,381,242,242,269,241,295,235,293,242,270,242,268,235,1033,125,1041,151,329,267,244
60114,292,234,264,236,270,241,1031,118,1040,150,520,234,268,268,244,297,229,293,245,267
60419,114,1036,178,297,243,245,264,211,269,236,267,235,263,234,269,240,1052,124,1033,153
60724,293,216,268,245,266,234,259,232,1034,123,1030,150,351,243,241,265,234,292,237,290
61029,293,239,295,240,268,237,293,242,269,238,1030,120,1035,149,410,238,243,269,212,271
61335,233,1040,123,1037,151,386,247,243,295,231,296,244,295,240,270,231,294,241,268,102
61640,285,236,297,242,271,237,267,235,261,123,1032,116,1036,152,350,259,269,291,239,272
61945,235,270,240,1034,117,1032,152,349,261,237,269,237,295,212,295,233,296,240,266,242
62250,286,209,296,239,272,241,268,239,268,239,292,96,1047,117,1028,185,292,267,178,292
62555,122,1032,117,781,232,258,297,241,294,233,290,240,268,241,269,240,1036,125,1059,153
62860,233,295,241,267,238,270,238,268,233,1033,124,1038,178,292,270,238,294,233,293,243
63165,241,297,238,292,230,265,243,271,239,270,99,1037,123,1035,178,264,293,238,294,240
63471,231,262,235,265,238,270,100,1033,122,1033,182,271,242,240,294,235,297,241,266,239
63776,285,89,1053,116,1032,184,267,268,242,293,233,269,241,265,240,275,242,269,232,1029
64081,232,299,233,294,240,266,241,264,232,1028,100,1033,151,463,233,268,267,239,293,233
64386,292,241,266,238,268,232,260,235,270,151,1038,124,1031,151,415,238,242,269,232,294
64691,124,786,217,273,268,243,295,233,293,238,267,239,266,234,292,242,1030,117,1034,151
64996,267,243,1039,117,1028,151,464,243,243,270,234,295,246,269,239,266,241,271,233,1032
65302,234,299,234,298,240,268,237,266,234,259,232,1051,115,1036,151,437,244,241,298,234
65607,267,268,240,294,231,294,238,273,240,268,238,1039,123,1030,152,556,238,267,265,234
65912,204,296,240,293,234,262,233,265,240,1039,118,1043,149,350,260,270,294,239,269,233
66217,123,1034,150,438,238,240,295,233,293,240,272,241,266,231,292,240,266,239,1028,124
66522,294,234,295,239,293,240,265,232,291,240,266,240,1031,123,1040,178,321,270,242,298
66827,1057,158,323,293,207,267,232,294,237,266,240,270,242,268,232,296,98,1031,117,1053
67133,120,1039,116,780,230,260,294,240,292,235,295,239,268,242,270,244,268,177,1033,124
67438,1054,129,667,242,267,300,233,298,242,293,244,267,233,291,240,268,97,1029,123,1052
67743,235,267,238,293,233,296,240,267,239,268,238,1036,124,1030,177,272,264,178,263,234
68048,460,239,242,387,239,269,236,296,242,268,241,267,239,265,151,1035,114,1032,189,295
68353,293,242,270,242,268,95,1041,126,1031,180,271,260,235,349,234,297,242,268,242,267
68658,264,293,242,325,233,290,243,266,241,267,211,1060,126,1028,179,264,264,236,298,240
68963,234,332,239,267,243,276,239,265,232,1028,100,1031,152,411,240,265,289,240,267,239
69269,385,269,247,270,236,299,238,270,244,266,242,268,232,262,206,1028,123,1041,158,358
69574,286,238,293,241,1037,125,1032,152,466,235,260,296,240,296,234,297,238,268,242,266
69879,285,233,265,239,264,239,269,96,1034,126,1032,176,266,261,232,297,242,295,234,295
70184,120,1036,152,480,268,242,269,241,298,231,297,243,268,239,268,231,264,178,1063,123
70489,254,234,296,243,294,239,267,233,296,240,268,216,1040,116,1032,187,268,271,240,295
70794,1035,154,534,236,270,266,238,295,232,297,242,293,232,296,238,272,239,267,100,1035
71099,239,268,244,268,243,265,234,1039,122,1046,153,409,232,258,298,240,293,233,298,241
71405,180,272,270,238,296,234,294,238,290,242,269,231,262,180,1046,123,1032,184,267,263
71710,265,242,272,240,297,232,296,239,292,241,268,234,295,240,267,96,1032,126,1030,151
72015,296,239,294,240,266,240,269,240,265,235,295,95,1032,116,1036,150,349,235,260,294
72320,94,1034,124,868,242,243,293,234,297,240,270,240,267,233,1052,125,1055,186,274,295
72625,120,1030,179,326,266,242,297,240,269,233,292,244,267,241,270,242,270,234,1032,127
72930,231,271,151,1031,115,1033,152,294,240,238,295,233,295,244,268,242,269,245,267,233
73235,295,240,265,241,1045,125,1062,207,264,293,243,293,231,294,238,266,237,270,176,1036
73541,234,268,266,242,296,233,294,238,267,247,268,240,1040,122,1031,150,436,262,269,270
73846,289,231,299,241,266,237,269,231,296,124,1033,123,1030,178,294,259,230,292,249,271
74151,1059,129,1035,204,267,269,241,271,216,293,234,292,238,268,242,265,240,273,116,1033
74456,294,102,1032,117,1038,188,294,244,213,267,247,268,232,293,239,267,244,267,244,266
74761,230,269,244,264,240,268,238,272,204,1037,124,1032,149,383,243,238,270,238,296,234
75066,266,242,1034,123,1038,151,466,232,261,292,240,297,232,297,238,265,238,266,240,271
75371,123,1037,120,733,242,268,268,232,294,243,294,239,266,239,291,240,269,177,1032,123
75676,85,1040,126,1033,240,266,271,233,296,209,300,240,291,234,292,242,269,243,1037,123
75982,293,245,267,234,263,233,1032,127,1028,153,294,271,246,266,237,269,231,296,240,264
76287,667,237,265,298,241,272,239,270,242,266,234,264,234,1030,95,1045,151,326,265,238
76592,296,235,293,242,273,239,269,243,268,89,1044,125,1007,237,266,269,240,294,233,297
76897,242,1034,124,1029,117,612,241,268,262,232,293,243,292,231,294,237,271,239,268,241
77202,111,1036,126,527,238,240,265,234,297,239,293,237,270,234,263,231,1032,123,1040,151
77507,294,241,271,213,1032,125,1036,179,292,259,234,293,246,297,231,293,240,267,241,271
77813,1056,102,1032,122,555,239,267,268,234,294,239,296,242,269,232,292,240,264,240,1060
78118,119,474,239,267,265,240,295,236,292,240,267,235,265,233,1035,123,1037,176,260,267
78423,292,240,266,231,1039,123,1037,152,381,241,267,258,230,295,240,296,236,262,235,271
78728,266,268,237,293,240,294,243,266,235,262,232,270,239,268,98,1033,125,1038,183,294
79033,295,238,271,238,272,232,259,233,1040,124,1030,124,473,239,269,272,241,295,233,292
79338,1047,128,1038,180,294,270,237,267,240,293,235,293,240,263,240,268,235,1030,99,1032
79643,272,269,268,240,297,234,298,238,264,241,265,235,261,231,1040,123,1034,154,321,240
79949,112,1039,177,268,267,241,293,231,292,242,271,238,272,238,265,115,1033,122,1031,239
80254,243,265,266,234,297,244,293,241,268,232,262,232,274,96,1035,150,1029,236,260,268
80559,242,298,235,294,240,291,245,266,234,294,239,266,123,1036,123,1060,150,383,238,264
80864,1032,126,1035,153,350,244,269,295,241,268,239,268,237,266,233,292,246,1033,116,1040
81169,232,261,270,242,294,240,268,233,260,233,268,121,1031,123,1028,236,263,267,240,295
81474,286,235,1033,126,1029,151,468,242,265,270,235,294,239,269,239,294,234,292,237,269
81780,261,258,235,296,245,292,231,264,233,267,240,1032,117,1035,184,270,267,237,298,235
82085,127,1037,153,294,240,239,265,232,297,240,268,240,271,243,268,115,1035,124,1033,237
82390,112,1032,211,267,243,240,272,244,294,234,295,243,268,238,269,233,260,233,1041,125
82695,208,260,269,240,296,241,293,234,268,244,266,241,1037,125,1033,153,294,266,262,294
83000,285,235,293,243,265,242,1060,99,1035,153,357,273,242,271,241,295,232,293,241,278
83305,290,235,269,238,266,96,1036,126,1032,180,296,264,268,267,241,271,239,294,232,267
83610,267,270,237,291,241,269,241,273,239,269,239,258,122,1037,117,1028,185,266,271,238
83916,290,234,1028,126,1033,156,323,240,239,266,237,272,230,295,241,269,241,267,185,1032
84221,1027,194,265,266,238,269,233,294,241,268,240,266,242,268,234,1033,123,1035,123,525
84526,292,207,1037,124,1041,179,274,263,266,267,242,270,240,293,231,268,239,266,240,1036
84831,267,244,295,233,293,239,270,241,271,242,267,232,1029,124,1037,152,354,241,265,267
85136,233,270,239,268,97,1035,125,1030,152,320,234,261,268,239,292,240,291,233,269,239
85441,243,270,99,1037,125,1037,238,274,266,244,297,231,295,240,268,236,267,241,1035,124
85746,178,267,267,238,268,236,294,232,269,241,272,248,270,211,1033,123,1030,176,269,269
86052,292,245,266,235,268,233,1032,125,1038,125,615,235,268,269,241,295,231,293,241,267
86357,122,1044,205,267,267,240,294,236,294,240,270,241,269,242,1039,126,1039,151,320,267
86662,298,233,296,240,294,240,268,235,292,236,274,96,1035,123,1039,177,267,268,259,293
86967,150,380,239,258,267,242,296,240,270,236,292,238,269,238,268,94,1041,125,1038,180
87272,1029,131,409,258,267,267,241,295,232,295,239,269,237,271,241,1035,131,1034,149,355
87577,120,1030,180,265,263,267,266,239,297,231,298,237,293,217,267,239,267,235,264,233
87882,118,1028,124,1017,239,268,259,232,298,239,293,235,295,244,267,241,267,242,1036,126
88188,1060,131,1013,207,264,261,233,293,240,268,237,270,232,295,239,268,238,267,123,1032
88493,1050,130,850,204,269,262,267,265,239,294,234,292,238,266,238,265,241,271,232,261
88798,87,1028,125,1019,238,266,266,241,293,233,293,239,268,216,268,237,1040,124,1033,153
89103,1057,129,1061,153,324,240,240,268,241,269,234,294,244,273,238,266,241,1035,128,1034
89408,292,242,263,94,1043,125,1060,178,296,267,240,267,211,295,233,294,242,270,238,266
89713,236,296,241,295,213,293,233,295,240,267,243,1035,126,1031,116,634,231,259,271,242
90018,291,238,293,234,295,240,272,241,271,236,264,125,1030,116,1042,186,276,265,243,265
90324,230,1037,124,1028,151,438,241,239,268,241,297,235,293,240,268,239,266,240,263,233
90629,293,244,267,238,274,113,1031,123,1037,181,268,265,240,265,240,296,237,294,236,268
90934,291,243,271,244,266,238,1038,123,1039,151,414,243,267,262,232,294,242,294,231,293
91239,1050,129,1028,177,295,259,268,265,240,294,230,293,242,293,239,264,234,292,240,270
91544,257,233,295,238,268,242,273,240,266,233,293,243,1037,116,1052,179,295,258,268,268
91849,238,270,240,265,241,1032,124,1043,180,258,265,240,293,239,295,234,267,237,267,242
92154,229,296,236,294,241,267,238,268,235,262,234,1034,125,1031,124,505,241,241,269,238
92460,282,236,294,239,268,242,265,231,265,202,1032,122,1064,210,242,269,241,294,235,294
92765,238,269,241,266,234,1036,122,1038,124,529,243,244,266,242,294,235,294,244,270,237
93070,113,1030,151,442,265,238,268,239,301,233,268,244,268,243,270,243,268,230,264,125
93375,125,503,267,248,266,237,300,240,272,242,265,239,263,232,263,233,295,101,1038,128
93680,122,1032,153,324,270,242,267,243,295,230,298,240,269,239,268,240,266,206,1041,124
93985,1061,131,1037,152,385,272,261,291,239,292,235,293,243,267,241,267,236,1048,122,1031
94290,235,294,240,274,239,270,232,263,237,266,97,1031,115,1030,186,268,271,240,265,234
94596,232,1035,124,1031,150,321,239,246,266,211,297,230,294,244,267,240,267,240,267,232
94901,1028,128,1031,178,294,240,239,270,240,293,233,296,238,267,238,266,235,291,242,268
95206,520,249,241,264,235,301,240,293,238,291,234,273,239,269,244,1030,123,1052,154,508
95511,641,233,234,269,240,297,214,291,233,293,240,268,238,1028,121,1030,153,322,264,233
95816,240,1027,115,1031,125,661,233,259,272,238,268,242,296,232,297,239,265,243,266,238
96121,233,1048,127,1032,151,354,239,268,267,213,292,237,293,240,266,245,268,244,266,115
96427,293,241,267,235,260,235,292,181,1035,123,1033,179,266,269,239,268,213,293,233,296
96732,240,271,212,1032,116,1032,187,267,269,245,294,233,269,239,274,237,266,241,268,234
97037,123,1031,183,268,242,242,266,236,295,242,270,239,269,240,271,234,262,126,1054,127
97342,264,268,240,295,235,270,239,265,239,267,240,267,148,1029,116,1043,188,268,246,239
97647,287,235,1027,126,1028,152,441,240,269,266,240,296,208,291,240,270,238,269,236,267
97952,230,268,94,1033,115,868,241,243,269,238,296,234,296,242,267,239,268,230,1034,126
98257,293,238,1032,116,1031,151,410,266,241,266,240,296,234,294,241,267,243,268,233,261
98562,121,1037,152,349,266,241,268,243,296,233,295,239,264,242,267,240,270,117,1037,122
98868,300,246,1061,123,1036,154,322,268,265,265,240,295,232,295,242,265,241,269,232,1033
99173,97,1035,122,1035,207,266,261,231,297,222,271,245,267,240,270,233,262,207,1033,124
99478,115,1030,123,544,229,268,270,239,297,234,293,238,268,239,263,242,265,238,1029,124
99783,111,1033,150,439,241,268,270,240,298,234,294,243,271,242,265,233,261,206,1027,123
100088,115,1036,121,465,242,241,267,238,295,232,297,246,269,239,269,114,1031,126,1034,217
100393,97,1034,115,1014,214,269,269,240,326,236,290,215,267,242,266,234,292,238,1034,117
100698,347,207,297,240,268,240,267,238,268,233,1034,123,1041,176,257,237,233,295,237,294
101004,235,267,242,267,238,1029,122,1034,117,722,237,266,241,239,292,233,293,240,294,238
101309,751,242,269,262,234,297,240,294,231,294,243,270,240,1033,121,1054,152,386,243,240
101614,94,1036,125,493,236,269,267,212,291,214,293,231,294,242,270,240,270,96,1038,126
101919,286,235,297,240,265,237,266,88,1030,124,1036,204,272,267,239,292,237,296,239,266
102224,123,582,234,266,267,241,292,208,292,232,292,240,267,240,265,235,1034,122,1035,124
102529,228,270,232,261,231,294,99,1060,121,922,239,268,268,212,296,232,294,236,267,242
102834,156,293,268,241,291,234,294,242,267,240,268,241,270,113,1031,125,1031,213,268,268
103140,1028,182,269,268,240,292,237,296,243,267,242,265,240,270,232,1036,122,1045,176,292
103445,91,1034,116,845,241,268,269,217,298,233,297,241,267,244,273,240,269,114,1039,124
103750,292,238,268,241,269,237,1030,125,1043,178,262,297,238,295,235,296,239,270,237,266
104055,256,262,209,296,240,267,241,268,239,270,115,1053,116,698,241,266,266,212,292,233
104360,294,244,271,215,267,240,267,233,294,241,1030,116,1035,152,416,239,267,295,233,300
104665,293,97,1041,123,1033,207,261,295,241,294,230,296,242,267,243,270,238,269,89,1028
104970,1051,132,411,233,236,264,236,294,241,296,232,293,243,268,241,268,102,1036,120,1030
105276,299,97,1032,121,1034,175,295,262,232,270,244,296,239,294,236,296,239,266,241,266
105581,295,241,293,233,295,237,270,242,265,238,1038,124,1033,151,383,243,246,295,231,294
105886,293,213,270,237,268,233,262,232,269,151,1036,123,1029,151,322,233,267,300,236,299
106191,240,270,239,266,220,269,240,1041,124,1030,151,384,241,238,262,213,272,212,271,216
106496,324,267,242,295,215,271,214,270,238,268,235,262,86,1030,122,1034,210,266,266,242
106801,84,1035,127,873,232,264,265,215,296,238,293,232,297,239,267,219,266,94,1042,124
107107,295,238,295,240,266,239,270,100,1036,122,1032,177,267,258,266,296,214,267,212,292
107412,292,244,266,243,264,114,1037,124,1031,214,277,244,242,294,235,296,238,272,238,263
107717,288,234,298,241,268,219,269,240,1059,126,1043,176,294,243,240,345,234,292,240,266
108022,230,263,234,268,98,1032,116,1040,185,295,240,237,267,207,295,233,300,239,270,242
108327,114,780,210,244,267,238,297,209,296,242,268,237,269,238,1037,122,1037,149,326,266
108632,121,499,239,269,267,236,296,239,299,238,268,232,293,241,268,154,1054,125,1035,178
108938,234,269,243,272,211,1037,116,1035,188,268,268,240,265,235,292,238,295,215,266,243
109243,1030,184,270,268,216,294,237,289,231,297,242,269,242,1038,123,1029,153,359,240,241
109548,268,268,243,293,233,295,240,295,234,292,241,268,242,266,186,1032,116,1034,148,408
109853,94,1034,124,555,216,270,270,214,295,231,295,239,267,239,269,239,266,235,1030,100
110158,238,270,212,265,217,266,241,266,207,1035,128,1035,177,269,258,232,295,240,269,238
110463,238,1034,123,1038,150,360,238,272,294,204,293,239,268,241,270,242,269,232,1032,98
110768,295,234,296,237,274,244,270,210,1027,128,1031,150,412,237,269,265,232,322,243,294
111074,1029,129,375,234,234,321,241,291,234,296,239,267,239,1033,126,1031,234,257,294,213
111379,386,240,242,299,215,292,211,293,231,268,241,267,122,1040,124,1034,205,260,268,242
111684,290,234,263,237,267,239,1034,115,1030,150,414,240,267,264,213,324,233,298,240,266
111989,283,234,272,242,266,237,271,95,1043,124,641,242,268,269,214,294,232,295,240,266
112294,378,239,242,269,232,323,239,296,235,293,244,270,242,266,240,1059,100,1032,123,673
112599,292,215,1061,127,1034,150,462,233,263,266,242,326,231,295,214,292,212,271,217,266
112904,1050,129,808,232,261,266,237,293,212,268,213,269,238,268,231,1031,124,1060,154,347
113209,290,237,269,243,1038,117,1034,150,434,242,266,267,230,295,240,272,240,272,212,266
113515,182,298,260,267,294,209,292,236,293,241,270,244,267,242,264,231,1032,126,1040,151
113820,284,237,1054,116,1038,154,374,265,265,266,213,293,230,296,240,266,247,268,241,270
114125,232,294,239,268,242,265,177,1035,124,1033,177,269,242,242,329,238,271,239,267,238
114430,693,235,258,267,240,324,231,293,239,270,242,266,238,263,233,265,90,1033,126,1030
114735,237,273,180,1036,122,1037,234,262,295,212,293,212,268,242,265,231,293,126,1030,124
115040,295,212,269,214,266,238,269,234,1032,99,1032,122,493,233,232,267,242,293,216,291
115345,121,1035,182,293,233,259,298,241,291,232,297,242,290,215,273,239,265,235,263,235
115651,273,240,263,102,1031,123,1010,240,242,271,233,293,238,270,244,265,242,267,116,1030
115956,202,272,234,291,240,267,240,270,215,269,241,268,232,1038,97,1030,150,554,237,241
116261,227,270,231,267,235,1033,98,1040,126,641,206,268,267,238,295,202,291,235,270,237
0,286,235,270,244,263,124,1035,124,1030,179,265,259,229,291,214,291,213,265,237,268
306,293,244,293,232,293,236,265,235,268,236,269,204,1055,123,1054,123,613,240,267,265
611,293,235,292,241,268,239,263,150,1053,124,1052,177,291,271,263,266,212,323,233,294
916,1000,231,269,267,239,317,233,292,240,265,237,270,231,291,97,1050,124,1050,206,257
1221,208,236,207,1061,67,1048,88,1028,149,437,180,267,206,237,206,232,232,205,213,211
1526,239,213,239,208,229,205,1039,68,1048,91,913,149,343,179,238,209,239,242,213,237
1831,238,204,232,90,1052,90,1029,150,375,208,242,234,212,214,207,231,211,1050,69,1055
0,84,1034,99,888,149,349,204,233,207,211,238,213,238,208,230,205,1028,69,1050,86
306,95,1030,179,354,178,258,206,232,233,203,215,213,237,205,232,207,1052,73,1058,96
0,84,40,62,61,62,40,61,62,61,41,61,61,63,38,62,62,62,43,63,62
306,86,62,63,69,69,61,62,62,68,72,62,63,61,69,68,61,60,63,69,69
0,87,41,61,64,63,41,62,62,61,39,62,61,61,39,61,61,60,40,61,62
0,87,40,63,61,61,37,61,63,59,38,60,63,59,40,62,61,62,38,61,62
306,85,62,60,69,69,61,64,61,71,70,62,63,62,70,72,63,60,62,69,71
611,93,63,62,61,40,61,61,61,39,61,64,60,39,62,61,60,40,62,61,61
0,87,41,62,61,63,40,63,63,61,39,63,61,63,38,61,63,60,39,62,62
0,84,38,61,62,61,41,62,61,62,40,62,61,63,41,61,62,60,40,60,60
306,84,65,63,69,71,61,61,65,69,70,61,60,62,65,71,61,62,62,70,70
0,295,242,270,238,266,242,1038,125,1053,125,523,211,266,267,237,294,204,292,236,293
306,287,236,318,214,295,209,266,237,267,230,1046,124,1049,148,376,232,267,267,214,319
611,267,265,238,293,207,291,237,264,238,265,238,267,88,1047,121,1051,181,270,266,238
0,208,413,232,320,179,292,213,346,230,291,210,265,122,1038,148,664,151,406,240,266
306,322,241,235,291,230,322,216,296,210,269,215,292,232,1057,95,1060,122,496,240,240
0,235,267,239,1061,123,1056,178,289,242,237,294,231,292,241,294,237,266,234,293,238
306,238,297,232,294,238,268,240,265,241,1058,127,1054,126,520,235,242,266,229,291,204
611,231,1051,116,1029,123,577,240,269,268,236,294,230,291,235,295,233,292,237,269,239
916,154,353,243,264,290,231,296,238,295,212,263,239,264,229,1051,121,1028,149,398,232
1221,230,293,237,294,236,265,232,291,239,1050,124,1051,150,383,240,237,266,236,295,231
1526,234,302,232,293,241,267,240,264,179,1052,125,1055,177,288,267,239,292,231,319,241
1831,295,210,293,209,267,238,267,235,292,94,1049,121,974,212,269,270,238,293,231,291
2137,261,239,293,232,296,239,264,238,261,233,291,97,1031,116,1051,203,266,259,232,298
2442,94,1031,125,692,211,268,268,240,290,230,315,213,267,215,265,238,264,228,1050,125
2747,229,270,232,290,237,264,240,1058,122,1027,152,462,230,266,269,241,293,231,292,238
3052,290,212,294,233,292,237,264,237,268,121,1047,125,1028,211,239,266,237,294,230,293
3357,111,1053,150,376,268,243,293,215,296,233,296,238,265,239,1028,120,1048,179,294,265
3662,228,297,240,269,238,271,237,293,88,1048,118,1001,211,270,289,234,292,241,293,218
3967,239,269,237,1056,100,1054,150,468,241,240,293,237,292,231,296,239,263,238,262,230
4272,83,1055,122,1056,179,291,241,242,292,205,295,232,292,239,289,231,260,229,291,97
4578,238,266,236,1059,127,1054,178,261,272,239,292,237,289,232,298,241,266,236,1053,122
4883,291,90,1049,123,1008,204,268,268,213,293,211,293,228,288,241,264,236,1027,126,1028
5188,265,275,213,298,233,292,239,267,240,263,240,1058,124,1057,150,402,235,265,297,212
